-- phpMyAdmin SQL Dump
-- version 4.0.10.7
-- http://www.phpmyadmin.net
--
-- Host: localhost:3306
-- Generation Time: Nov 09, 2015 at 06:05 PM
-- Server version: 5.5.46-cll
-- PHP Version: 5.4.31

SET SQL_MODE = "NO_AUTO_VALUE_ON_ZERO";
SET time_zone = "+00:00";


/*!40101 SET @OLD_CHARACTER_SET_CLIENT=@@CHARACTER_SET_CLIENT */;
/*!40101 SET @OLD_CHARACTER_SET_RESULTS=@@CHARACTER_SET_RESULTS */;
/*!40101 SET @OLD_COLLATION_CONNECTION=@@COLLATION_CONNECTION */;
/*!40101 SET NAMES utf8 */;

--
-- Database: `tbian_LACounty`
--

-- --------------------------------------------------------

--
-- Table structure for table `DeclineInValue_FileDate`
--

CREATE TABLE IF NOT EXISTS `DeclineInValue_FileDate` (
  `FileDate` datetime DEFAULT NULL
) ENGINE=MyISAM DEFAULT CHARSET=latin1;

--
-- Dumping data for table `DeclineInValue_FileDate`
--

INSERT INTO `DeclineInValue_FileDate` (`FileDate`) VALUES
('2015-09-24 06:30:44');

-- --------------------------------------------------------

--
-- Table structure for table `DeclineInValue_ParameterDates`
--

CREATE TABLE IF NOT EXISTS `DeclineInValue_ParameterDates` (
  `RollYYYY` int(11) NOT NULL,
  `LienDate` varchar(10) DEFAULT NULL,
  `Proactive_AlternatePurchaseDateBegin` datetime DEFAULT NULL,
  `Proactive_PurchaseDateBegin` datetime DEFAULT NULL,
  `Proactive_PurchaseDateEnd` datetime DEFAULT NULL,
  `Prop8Application_FileDateBegin` datetime NOT NULL,
  `Prop8Application_FileDateEnd` datetime NOT NULL,
  `AABS_FileDateBegin` datetime NOT NULL,
  `AABS_FileDateEnd` datetime NOT NULL,
  `PriorAssessmentYear` int(11) DEFAULT NULL,
  `QualificationsWillBeAvailable_when` varchar(50) DEFAULT NULL,
  `ResultsWillBeAvailable_when` varchar(50) DEFAULT NULL,
  `ResultsAreNowAvailableOnline_YesNo` varchar(1) NOT NULL,
  `NoticeLettersBeginMailDate` datetime DEFAULT NULL,
  PRIMARY KEY (`RollYYYY`)
) ENGINE=MyISAM DEFAULT CHARSET=latin1;

--
-- Dumping data for table `DeclineInValue_ParameterDates`
--

INSERT INTO `DeclineInValue_ParameterDates` (`RollYYYY`, `LienDate`, `Proactive_AlternatePurchaseDateBegin`, `Proactive_PurchaseDateBegin`, `Proactive_PurchaseDateEnd`, `Prop8Application_FileDateBegin`, `Prop8Application_FileDateEnd`, `AABS_FileDateBegin`, `AABS_FileDateEnd`, `PriorAssessmentYear`, `QualificationsWillBeAvailable_when`, `ResultsWillBeAvailable_when`, `ResultsAreNowAvailableOnline_YesNo`, `NoticeLettersBeginMailDate`) VALUES
(2007, '01/01/2007', NULL, '2003-07-01 00:00:00', '2006-06-30 00:00:00', '2007-01-01 00:00:00', '2007-12-31 00:00:00', '2007-07-01 00:00:00', '2007-11-30 00:00:00', 2006, NULL, 'in July 2007', 'N', NULL),
(2008, '01/01/2008', NULL, '2004-07-01 00:00:00', '2007-06-30 00:00:00', '2008-01-01 00:00:00', '2008-12-31 00:00:00', '2008-07-01 00:00:00', '2008-12-01 00:00:00', 2007, 'in January 2008', 'in July 2008', 'Y', NULL),
(2009, '01/01/2009', '2000-07-01 00:00:00', '2003-07-01 00:00:00', '2008-06-30 00:00:00', '2009-01-01 00:00:00', '2009-12-31 00:00:00', '2009-07-01 00:00:00', '2009-11-30 00:00:00', 2008, 'in January 2009', 'in July 2009', 'Y', NULL),
(2010, '01/01/2010', '2000-07-01 00:00:00', '2003-07-01 00:00:00', '2009-06-30 00:00:00', '2010-06-01 00:00:00', '2010-11-30 00:00:00', '2010-07-01 00:00:00', '2010-11-30 00:00:00', 2009, 'in January 2010', 'in July 2010', 'Y', NULL),
(2011, '01/01/2011', '2011-01-01 00:00:00', '2011-01-01 00:00:00', '2011-01-01 00:00:00', '2011-06-01 00:00:00', '2011-12-31 00:00:00', '2011-07-01 00:00:00', '2011-11-30 00:00:00', 2010, 'in January 2011', 'in August 2011', 'Y', NULL),
(2012, '01/01/2012', NULL, '2012-01-01 00:00:00', '2012-01-01 00:00:00', '2012-06-01 00:00:00', '2012-11-30 00:00:00', '2012-07-01 00:00:00', '2012-11-30 00:00:00', 2011, 'N/A', 'in August 2012', 'Y', NULL),
(2013, '01/01/2013', NULL, '2013-01-01 00:00:00', '2013-01-01 00:00:00', '2013-06-01 00:00:00', '2013-11-30 00:00:00', '2013-07-02 00:00:00', '2013-12-02 00:00:00', 2012, 'N/A', 'in August 2013', 'Y', NULL),
(2014, '01/01/2014', NULL, '2014-01-01 00:00:00', '2014-01-01 00:00:00', '2014-07-02 00:00:00', '2014-11-30 00:00:00', '2014-07-02 00:00:00', '2014-11-30 00:00:00', 2013, 'N/A', 'in August 2014', 'N', NULL);

-- --------------------------------------------------------

--
-- Table structure for table `DeclineInValue_ParcelStatus`
--

CREATE TABLE IF NOT EXISTS `DeclineInValue_ParcelStatus` (
  `RecID` int(11) NOT NULL,
  `AIN` varchar(10) NOT NULL,
  `RollYYYY` int(11) NOT NULL,
  `DateAdded` datetime DEFAULT NULL,
  `LastUpdated` datetime DEFAULT NULL,
  `DateRemoved` datetime DEFAULT NULL,
  `isProp8Restoration` varchar(1) DEFAULT NULL,
  `isProactiveProp8` varchar(1) DEFAULT NULL,
  `statusApplication` varchar(1) DEFAULT NULL,
  `statusRequestReview` varchar(1) DEFAULT NULL,
  `isOtherValuation` varchar(1) DEFAULT NULL,
  `Prop8_LandValue` int(11) DEFAULT NULL,
  `Prop8_ImpValue` int(11) DEFAULT NULL,
  `Prop8_ExemptionType` varchar(20) DEFAULT NULL,
  `Prop8_ExemptionAmount` int(11) DEFAULT NULL,
  `OptionalMessage` varchar(1000) DEFAULT NULL,
  `LastLetterMailDate` datetime DEFAULT NULL,
  `LastLetterType` varchar(1) DEFAULT NULL,
  `OnlineFiling_projectedLandImpValue` int(11) DEFAULT NULL,
  UNIQUE KEY `idxDIV_ParcelStatus_AIN_RollYYYY` (`AIN`,`RollYYYY`)
) ENGINE=MyISAM DEFAULT CHARSET=latin1;

--
-- Dumping data for table `DeclineInValue_ParcelStatus`
--

INSERT INTO `DeclineInValue_ParcelStatus` (`RecID`, `AIN`, `RollYYYY`, `DateAdded`, `LastUpdated`, `DateRemoved`, `isProp8Restoration`, `isProactiveProp8`, `statusApplication`, `statusRequestReview`, `isOtherValuation`, `Prop8_LandValue`, `Prop8_ImpValue`, `Prop8_ExemptionType`, `Prop8_ExemptionAmount`, `OptionalMessage`, `LastLetterMailDate`, `LastLetterType`, `OnlineFiling_projectedLandImpValue`) VALUES
(3006736, '3140040031', 2015, '2015-04-09 15:21:47', '2015-09-24 06:30:44', NULL, 'N', 'N', 'C', 'N', 'N', 40000, 120000, ' ', 0, NULL, NULL, NULL, 160000),
(3006742, '3140040047', 2015, '2015-04-09 15:21:47', '2015-09-24 06:30:44', NULL, 'N', 'N', 'C', 'N', 'N', 40000, 120000, ' ', 0, NULL, NULL, NULL, 160000),
(3006878, '3141021046', 2015, '2015-04-09 15:21:47', '2015-09-24 06:30:44', NULL, 'N', 'N', 'C', 'N', 'N', 27900, 105200, ' ', 0, NULL, NULL, NULL, 133100),
(2926073, '2010019022', 2015, '2015-04-09 15:21:47', '2015-09-02 19:34:00', NULL, 'Y', 'N', 'P', 'N', 'N', NULL, NULL, NULL, NULL, NULL, NULL, NULL, NULL),
(3167229, '2010023041', 2015, '2015-09-02 19:34:00', NULL, NULL, 'N', 'N', 'P', 'N', 'N', NULL, NULL, NULL, NULL, NULL, NULL, NULL, NULL),
(3167230, '2017005039', 2015, '2015-09-02 19:34:00', NULL, NULL, 'N', 'N', 'P', 'N', 'N', NULL, NULL, NULL, NULL, NULL, NULL, NULL, NULL),
(2926514, '2017031008', 2015, '2015-04-09 15:21:47', '2015-09-02 19:34:00', NULL, 'Y', 'N', 'P', 'N', 'N', NULL, NULL, NULL, NULL, NULL, NULL, NULL, NULL),
(3167231, '2021020020', 2015, '2015-09-02 19:34:00', NULL, NULL, 'N', 'N', 'P', 'N', 'N', NULL, NULL, NULL, NULL, NULL, NULL, NULL, NULL),
(3167232, '2023007025', 2015, '2015-09-02 19:34:00', NULL, NULL, 'N', 'N', 'P', 'N', 'N', NULL, NULL, NULL, NULL, NULL, NULL, NULL, NULL),
(3167233, '2023023011', 2015, '2015-09-02 19:34:00', NULL, NULL, 'N', 'N', 'P', 'N', 'N', NULL, NULL, NULL, NULL, NULL, NULL, NULL, NULL),
(3168530, '2023023012', 2015, '2015-09-16 22:13:29', NULL, NULL, 'N', 'N', 'P', 'N', 'N', NULL, NULL, NULL, NULL, NULL, NULL, NULL, NULL),
(3167234, '2023028041', 2015, '2015-09-02 19:34:00', NULL, NULL, 'N', 'N', 'P', 'N', 'N', NULL, NULL, NULL, NULL, NULL, NULL, NULL, NULL),
(3167235, '2031004051', 2015, '2015-09-02 19:34:00', NULL, NULL, 'N', 'N', 'P', 'N', 'N', NULL, NULL, NULL, NULL, NULL, NULL, NULL, NULL),
(3167236, '2031004066', 2015, '2015-09-02 19:34:00', NULL, NULL, 'N', 'N', 'P', 'N', 'N', NULL, NULL, NULL, NULL, NULL, NULL, NULL, NULL),
(2927575, '2032027013', 2015, '2015-04-09 15:21:47', '2015-09-02 19:34:00', NULL, 'Y', 'N', 'P', 'N', 'N', NULL, NULL, NULL, NULL, NULL, NULL, NULL, NULL),
(3167237, '2032027014', 2015, '2015-09-02 19:34:00', NULL, NULL, 'N', 'N', 'P', 'N', 'N', NULL, NULL, NULL, NULL, NULL, NULL, NULL, NULL),
(3167238, '2033009023', 2015, '2015-09-02 19:34:00', NULL, NULL, 'N', 'N', 'P', 'N', 'N', NULL, NULL, NULL, NULL, NULL, NULL, NULL, NULL),
(3167239, '2034032072', 2015, '2015-09-02 19:34:00', NULL, NULL, 'N', 'N', 'P', 'N', 'N', NULL, NULL, NULL, NULL, NULL, NULL, NULL, NULL),
(2925890, '2005012018', 2015, '2015-04-09 15:21:47', '2015-09-02 19:34:00', NULL, 'Y', 'N', 'P', 'N', 'N', 430000, 108000, 'HOMEOWNERS', 7000, NULL, NULL, NULL, NULL),
(2925907, '2005017039', 2015, '2015-04-09 15:21:47', '2015-09-02 19:34:00', NULL, 'Y', 'N', 'P', 'N', 'N', 433000, 260000, 'HOMEOWNERS', 7000, NULL, NULL, NULL, NULL),
(2925976, '2006030045', 2015, '2015-04-09 15:21:47', '2015-09-02 19:34:00', NULL, 'Y', 'N', 'P', 'N', 'N', 364400, 91100, ' ', 0, NULL, NULL, NULL, NULL),
(2926500, '2017028021', 2015, '2015-04-09 15:21:47', '2015-09-02 19:34:00', NULL, 'Y', 'N', 'P', 'N', 'N', 694000, 449000, 'HOMEOWNERS', 7000, NULL, NULL, NULL, NULL),
(2926540, '2017036014', 2015, '2015-04-09 15:21:47', '2015-09-02 19:34:00', NULL, 'Y', 'N', 'P', 'N', 'N', 862000, 461000, 'HOMEOWNERS', 7000, NULL, NULL, NULL, NULL),
(2926575, '2020013036', 2015, '2015-04-09 15:21:47', '2015-09-02 19:34:00', NULL, 'Y', 'N', 'P', 'N', 'N', 547000, 294000, 'HOMEOWNERS', 7000, NULL, NULL, NULL, NULL),
(2926813, '2023008007', 2015, '2015-04-09 15:21:47', '2015-09-02 19:34:00', NULL, 'Y', 'N', 'P', 'N', 'N', 313900, 191100, ' ', 0, NULL, NULL, NULL, NULL),
(2926868, '2023028028', 2015, '2015-04-09 15:21:47', '2015-09-02 19:34:00', NULL, 'Y', 'N', 'P', 'N', 'N', 1334000, 56000, ' ', 0, NULL, NULL, NULL, NULL),
(2927123, '2026020021', 2015, '2015-04-09 15:21:47', '2015-09-02 19:34:00', NULL, 'Y', 'N', 'P', 'N', 'N', 439400, 110600, 'HOMEOWNERS', 7000, NULL, NULL, NULL, NULL),
(2927297, '2027043014', 2015, '2015-04-09 15:21:47', '2015-09-02 19:34:00', NULL, 'Y', 'N', 'P', 'N', 'N', 636000, 633000, ' ', 0, NULL, NULL, NULL, NULL),
(2927463, '2031007043', 2015, '2015-04-09 15:21:47', '2015-09-02 19:34:00', NULL, 'Y', 'N', 'P', 'N', 'N', 500000, 317000, ' ', 0, NULL, NULL, NULL, NULL),
(2927974, '2038032009', 2015, '2015-04-09 15:21:47', '2015-09-02 19:34:00', NULL, 'Y', 'N', 'P', 'N', 'N', 474800, 285200, ' ', 0, NULL, NULL, NULL, NULL),
(2928042, '2039016008', 2015, '2015-04-09 15:21:47', '2015-09-02 19:34:00', NULL, 'Y', 'N', 'P', 'N', 'N', 394000, 489000, 'HOMEOWNERS', 7000, NULL, NULL, NULL, NULL),
(2928191, '2041012017', 2015, '2015-04-09 15:21:47', '2015-09-02 19:34:00', NULL, 'Y', 'N', 'P', 'N', 'N', 580000, 386000, 'HOMEOWNERS', 7000, NULL, NULL, NULL, NULL),
(2928196, '2041013035', 2015, '2015-04-09 15:21:47', '2015-09-02 19:34:00', NULL, 'Y', 'N', 'P', 'N', 'N', 534000, 146000, ' ', 0, NULL, NULL, NULL, NULL),
(3167516, '2810055213', 2015, '2015-09-02 19:34:00', '2015-09-24 06:30:44', NULL, 'N', 'N', 'X', 'N', 'N', NULL, NULL, NULL, NULL, NULL, NULL, NULL, 448090),
(3168483, '2810113050', 2015, '2015-09-10 09:10:25', '2015-09-24 06:30:44', NULL, 'N', 'N', 'X', 'N', 'N', NULL, NULL, NULL, NULL, NULL, NULL, NULL, 681244),
(2972313, '2812063003', 2015, '2015-04-09 15:21:47', '2015-09-24 06:30:44', NULL, 'N', 'N', 'X', 'N', 'N', NULL, NULL, NULL, NULL, NULL, NULL, NULL, 472011),
(3167519, '2825010063', 2015, '2015-09-02 19:34:00', '2015-09-24 06:30:44', NULL, 'N', 'N', 'X', 'N', 'N', NULL, NULL, NULL, NULL, NULL, NULL, NULL, 670328),
(2974058, '2826078021', 2015, '2015-04-09 15:21:47', '2015-09-24 06:30:44', NULL, 'N', 'N', 'X', 'N', 'N', NULL, NULL, NULL, NULL, NULL, NULL, NULL, 1123077),
(3167520, '2826082014', 2015, '2015-09-02 19:34:00', '2015-09-24 06:30:44', NULL, 'N', 'N', 'X', 'N', 'N', NULL, NULL, NULL, NULL, NULL, NULL, NULL, 695600),
(3167521, '2826149008', 2015, '2015-09-02 19:34:00', '2015-09-24 06:30:44', NULL, 'N', 'N', 'X', 'N', 'N', NULL, NULL, NULL, NULL, NULL, NULL, NULL, 2185451),
(3167522, '2833010012', 2015, '2015-09-02 19:34:00', '2015-09-24 06:30:44', NULL, 'N', 'N', 'X', 'N', 'N', NULL, NULL, NULL, NULL, NULL, NULL, NULL, 635768),
(3167533, '2837034126', 2015, '2015-09-02 19:34:00', '2015-09-24 06:30:44', NULL, 'N', 'N', 'X', 'N', 'N', NULL, NULL, NULL, NULL, NULL, NULL, NULL, 329368),
(3167534, '2840011001', 2015, '2015-09-02 19:34:00', '2015-09-24 06:30:44', NULL, 'N', 'N', 'X', 'N', 'N', NULL, NULL, NULL, NULL, NULL, NULL, NULL, 767280),
(3167536, '2844028166', 2015, '2015-09-02 19:34:00', '2015-09-24 06:30:44', NULL, 'N', 'N', 'X', 'N', 'N', NULL, NULL, NULL, NULL, NULL, NULL, NULL, 198103),
(3167539, '2854023028', 2015, '2015-09-02 19:34:00', '2015-09-24 06:30:44', NULL, 'N', 'N', 'X', 'N', 'N', NULL, NULL, NULL, NULL, NULL, NULL, NULL, 385617),
(3167543, '3001097016', 2015, '2015-09-02 19:34:00', '2015-09-24 06:30:44', NULL, 'N', 'N', 'X', 'N', 'N', NULL, NULL, NULL, NULL, NULL, NULL, NULL, 1682202),
(2995831, '3052066050', 2015, '2015-04-09 15:21:47', '2015-09-16 22:13:29', NULL, 'N', 'N', 'X', 'N', 'N', NULL, NULL, NULL, NULL, NULL, NULL, NULL, 171432),
(3167565, '3052079046', 2015, '2015-09-02 19:34:00', '2015-09-16 22:13:29', NULL, 'N', 'N', 'X', 'N', 'N', NULL, NULL, NULL, NULL, NULL, NULL, NULL, 214012),
(2968754, '2802013042', 2015, '2015-04-09 15:21:47', '2015-09-24 06:30:44', NULL, 'N', 'N', 'X', 'N', 'N', 311400, 77300, ' ', 0, NULL, NULL, NULL, 388700),
(2969187, '2803040047', 2015, '2015-04-09 15:21:47', '2015-09-24 06:30:44', NULL, 'N', 'N', 'X', 'N', 'N', 262100, 166900, 'HOMEOWNERS', 7000, NULL, NULL, NULL, 429000),
(2970386, '2810062046', 2015, '2015-04-09 15:21:47', '2015-09-24 06:30:44', NULL, 'N', 'N', 'X', 'N', 'N', 242000, 330000, 'HOMEOWNERS', 7000, NULL, NULL, NULL, 572000),
(2970695, '2810082012', 2015, '2015-04-09 15:21:47', '2015-09-24 06:30:44', NULL, 'N', 'N', 'X', 'N', 'N', 317000, 270000, 'HOMEOWNERS', 7000, NULL, NULL, NULL, 587000),
(2971481, '2811013014', 2015, '2015-04-09 15:21:47', '2015-09-24 06:30:44', NULL, 'N', 'N', 'X', 'N', 'N', 308000, 174000, 'HOMEOWNERS', 7000, NULL, NULL, NULL, 482000),
(2971733, '2811054072', 2015, '2015-04-09 15:21:47', '2015-09-24 06:30:44', NULL, 'N', 'N', 'X', 'N', 'N', 305800, 124100, 'HOMEOWNERS', 7000, NULL, NULL, NULL, 429900),
(2972092, '2812020016', 2015, '2015-04-09 15:21:47', '2015-09-24 06:30:44', NULL, 'N', 'N', 'X', 'N', 'N', 158700, 255300, 'HOMEOWNERS', 7000, NULL, NULL, NULL, 414000),
(2973998, '2826069103', 2015, '2015-04-09 15:21:47', '2015-09-24 06:30:44', NULL, 'N', 'N', 'X', 'N', 'N', 247000, 124000, ' ', 0, NULL, NULL, NULL, 371000),
(2974586, '2826148003', 2015, '2015-04-09 15:21:47', '2015-09-24 06:30:44', NULL, 'N', 'N', 'X', 'N', 'N', 1001000, 1502000, ' ', 0, NULL, NULL, NULL, 2503000),
(2974740, '2826161244', 2015, '2015-04-09 15:21:47', '2015-09-24 06:30:44', NULL, 'N', 'N', 'X', 'N', 'N', 221000, 172000, ' ', 0, NULL, NULL, NULL, 393000),
(2974812, '2827036011', 2015, '2015-04-09 15:21:47', '2015-09-24 06:30:44', NULL, 'N', 'N', 'X', 'N', 'N', 10000, 0, ' ', 0, NULL, NULL, NULL, 10000),
(2974813, '2827036014', 2015, '2015-04-09 15:21:47', '2015-09-24 06:30:44', NULL, 'N', 'N', 'X', 'N', 'N', 215000, 0, ' ', 0, NULL, NULL, NULL, 215000),
(2974912, '2829007015', 2015, '2015-04-09 15:21:47', '2015-09-24 06:30:44', NULL, 'N', 'N', 'X', 'N', 'N', 276700, 69300, 'HOMEOWNERS', 7000, NULL, NULL, NULL, 346000),
(2974970, '2829030063', 2015, '2015-04-09 15:21:47', '2015-09-24 06:30:44', NULL, 'N', 'N', 'X', 'N', 'N', 25000, 0, ' ', 0, NULL, NULL, NULL, 25000),
(2974971, '2829030064', 2015, '2015-04-09 15:21:47', '2015-09-24 06:30:44', NULL, 'N', 'N', 'X', 'N', 'N', 25000, 0, ' ', 0, NULL, NULL, NULL, 25000),
(2925782, '2004007016', 2015, '2015-04-09 15:21:47', '2015-06-08 14:36:01', NULL, 'Y', 'N', 'N', 'N', 'N', NULL, NULL, NULL, NULL, NULL, NULL, NULL, 467084),
(2925787, '2004009012', 2015, '2015-04-09 15:21:47', '2015-06-08 14:36:01', NULL, 'Y', 'N', 'N', 'N', 'N', NULL, NULL, NULL, NULL, NULL, NULL, NULL, 448646),
(2925799, '2004013017', 2015, '2015-04-09 15:21:47', '2015-06-08 14:36:01', NULL, 'Y', 'N', 'N', 'N', 'N', NULL, NULL, NULL, NULL, NULL, NULL, NULL, 522339),
(2925803, '2004014012', 2015, '2015-04-09 15:21:47', '2015-06-08 14:36:01', NULL, 'Y', 'N', 'N', 'N', 'N', NULL, NULL, NULL, NULL, NULL, NULL, NULL, 514597),
(2925819, '2004017020', 2015, '2015-04-09 15:21:47', '2015-06-08 14:36:01', NULL, 'Y', 'N', 'N', 'N', 'N', NULL, NULL, NULL, NULL, NULL, NULL, NULL, 527818),
(2925825, '2004019015', 2015, '2015-04-09 15:21:47', '2015-06-08 14:36:01', NULL, 'Y', 'N', 'N', 'N', 'N', NULL, NULL, NULL, NULL, NULL, NULL, NULL, 548990),
(2925833, '2004021016', 2015, '2015-04-09 15:21:47', '2015-06-08 14:36:01', NULL, 'Y', 'N', 'N', 'N', 'N', NULL, NULL, NULL, NULL, NULL, NULL, NULL, 721626),
(2925838, '2004023001', 2015, '2015-04-09 15:21:47', '2015-06-08 14:36:01', NULL, 'Y', 'N', 'N', 'N', 'N', NULL, NULL, NULL, NULL, NULL, NULL, NULL, 585579),
(2925869, '2005007016', 2015, '2015-04-09 15:21:47', '2015-06-08 14:36:01', NULL, 'Y', 'N', 'N', 'N', 'N', NULL, NULL, NULL, NULL, NULL, NULL, NULL, 613334),
(2925885, '2005010028', 2015, '2015-04-09 15:21:47', '2015-06-08 14:36:01', NULL, 'Y', 'N', 'N', 'N', 'N', NULL, NULL, NULL, NULL, NULL, NULL, NULL, 638651),
(2925902, '2005015026', 2015, '2015-04-09 15:21:47', '2015-06-08 14:36:01', NULL, 'Y', 'N', 'N', 'N', 'N', NULL, NULL, NULL, NULL, NULL, NULL, NULL, 790079),
(2925910, '2005018033', 2015, '2015-04-09 15:21:47', '2015-06-08 14:36:01', NULL, 'Y', 'N', 'N', 'N', 'N', NULL, NULL, NULL, NULL, NULL, NULL, NULL, 609239),
(2925916, '2005021010', 2015, '2015-04-09 15:21:47', '2015-06-08 14:36:01', NULL, 'Y', 'N', 'N', 'N', 'N', NULL, NULL, NULL, NULL, NULL, NULL, NULL, 659676),
(2925935, '2006017015', 2015, '2015-04-09 15:21:47', '2015-06-08 14:36:01', NULL, 'Y', 'N', 'N', 'N', 'N', NULL, NULL, NULL, NULL, NULL, NULL, NULL, 21427),
(2925936, '2006017016', 2015, '2015-04-09 15:21:47', '2015-06-08 14:36:01', NULL, 'Y', 'N', 'N', 'N', 'N', NULL, NULL, NULL, NULL, NULL, NULL, NULL, 21427),
(2925756, '2004001003', 2015, '2015-04-09 15:21:47', '2015-06-08 14:36:01', NULL, 'Y', 'N', 'N', 'N', 'N', 432000, 183000, ' ', 0, NULL, NULL, NULL, 615000),
(2925757, '2004001019', 2015, '2015-04-09 15:21:47', '2015-06-08 14:36:01', NULL, 'Y', 'N', 'N', 'N', 'N', 342000, 262000, 'HOMEOWNERS', 7000, NULL, NULL, NULL, 604000),
(2925758, '2004001028', 2015, '2015-04-09 15:21:47', '2015-06-08 14:36:01', NULL, 'Y', 'N', 'N', 'N', 'N', 380000, 235000, 'HOMEOWNERS', 7000, NULL, NULL, NULL, 615000),
(2925759, '2004002006', 2015, '2015-04-09 15:21:47', '2015-06-08 14:36:01', NULL, 'Y', 'N', 'N', 'N', 'N', 370100, 99900, ' ', 0, NULL, NULL, NULL, 470000),
(2925760, '2004002023', 2015, '2015-04-09 15:21:47', '2015-06-08 14:36:01', NULL, 'Y', 'N', 'N', 'N', 'N', 306400, 188600, 'HOMEOWNERS', 7000, NULL, NULL, NULL, 495000),
(2925761, '2004002026', 2015, '2015-04-09 15:21:47', '2015-06-08 14:36:01', NULL, 'Y', 'N', 'N', 'N', 'N', 396700, 98300, 'HOMEOWNERS', 7000, NULL, NULL, NULL, 495000),
(2925762, '2004003005', 2015, '2015-04-09 15:21:47', '2015-06-08 14:36:01', NULL, 'Y', 'N', 'N', 'N', 'N', 444000, 111000, 'HOMEOWNERS', 7000, NULL, NULL, NULL, 555000),
(2925763, '2004003008', 2015, '2015-04-09 15:21:47', '2015-06-08 14:36:01', NULL, 'Y', 'N', 'N', 'N', 'N', 418500, 106500, 'HOMEOWNERS', 7000, NULL, NULL, NULL, 525000),
(2925764, '2004003010', 2015, '2015-04-09 15:21:47', '2015-06-08 14:36:01', NULL, 'Y', 'N', 'N', 'N', 'N', 412900, 117100, ' ', 0, NULL, NULL, NULL, 530000),
(2925765, '2004003011', 2015, '2015-04-09 15:21:47', '2015-06-08 14:36:01', NULL, 'Y', 'N', 'N', 'N', 'N', 376700, 143300, ' ', 0, NULL, NULL, NULL, 520000),
(2925766, '2004003022', 2015, '2015-04-09 15:21:47', '2015-06-08 14:36:01', NULL, 'Y', 'N', 'N', 'N', 'N', 410000, 215000, 'HOMEOWNERS', 7000, NULL, NULL, NULL, 625000),
(2925767, '2004004011', 2015, '2015-04-09 15:21:47', '2015-06-08 14:36:01', NULL, 'Y', 'N', 'N', 'N', 'N', 461000, 115000, 'HOMEOWNERS', 7000, NULL, NULL, NULL, 576000),
(2925768, '2004004015', 2015, '2015-04-09 15:21:47', '2015-06-08 14:36:01', NULL, 'Y', 'N', 'N', 'N', 'N', 418000, 162000, ' ', 0, NULL, NULL, NULL, 580000),
(2925769, '2004004022', 2015, '2015-04-09 15:21:47', '2015-06-08 14:36:01', NULL, 'Y', 'N', 'N', 'N', 'N', 311000, 427000, 'HOMEOWNERS', 7000, NULL, NULL, NULL, 738000),
(2925770, '2004004023', 2015, '2015-04-09 15:21:47', '2015-06-08 14:36:01', NULL, 'Y', 'N', 'N', 'N', 'N', 398000, 231000, ' ', 0, NULL, NULL, NULL, 629000);

-- --------------------------------------------------------

--
-- Table structure for table `DIVFilingApplicaton`
--

CREATE TABLE IF NOT EXISTS `DIVFilingApplicaton` (
  `AIN` varchar(10) NOT NULL,
  `ApplicationXML` varchar(20000) DEFAULT NULL,
  `DateTimeAdded` datetime NOT NULL,
  `DateTimeUpdated` datetime DEFAULT NULL,
  `ProcessDate` datetime DEFAULT NULL,
  `EmailNotify` tinyint(4) NOT NULL DEFAULT '0',
  PRIMARY KEY (`AIN`)
) ENGINE=MyISAM DEFAULT CHARSET=latin1;

-- --------------------------------------------------------

--
-- Table structure for table `ParcelDataRepository`
--

CREATE TABLE IF NOT EXISTS `ParcelDataRepository` (
  `AIN` varchar(10) NOT NULL,
  `ParcelStatus` varchar(10) DEFAULT NULL,
  `ParcelCreateDate` int(11) DEFAULT NULL,
  `ParcelDeleteDate` int(11) DEFAULT NULL,
  `Region` varchar(2) DEFAULT NULL,
  `Cluster` varchar(5) DEFAULT NULL,
  `UseCode` varchar(4) DEFAULT NULL,
  `UseType` varchar(3) NOT NULL,
  `SitusHouseNo` varchar(5) DEFAULT NULL,
  `SitusFraction` varchar(3) DEFAULT NULL,
  `SitusDirection` varchar(1) DEFAULT NULL,
  `SitusUnit` varchar(8) DEFAULT NULL,
  `SitusStreet` varchar(32) DEFAULT NULL,
  `SitusCity` varchar(24) DEFAULT NULL,
  `SitusZIP` varchar(10) DEFAULT NULL,
  `Units` int(11) DEFAULT NULL,
  `Bedrooms` int(11) DEFAULT NULL,
  `Bathrooms` int(11) DEFAULT NULL,
  `SQFTmain` int(11) DEFAULT NULL,
  `pdbRecDate` varchar(11) DEFAULT NULL,
  `isMailCopySitus` varchar(1) NOT NULL,
  `MailHouseNo` varchar(5) DEFAULT NULL,
  `MailFraction` varchar(3) DEFAULT NULL,
  `MailDirection` varchar(1) DEFAULT NULL,
  `MailUnit` varchar(8) DEFAULT NULL,
  `MailStreet` varchar(32) DEFAULT NULL,
  `MailCity` varchar(24) DEFAULT NULL,
  `MailZip` varchar(10) DEFAULT NULL,
  `RollYYYY` int(11) DEFAULT NULL,
  `RollLandImpValue` int(11) DEFAULT NULL,
  UNIQUE KEY `idxParcelDataRepository_AIN_RollYYYY` (`AIN`,`RollYYYY`)
) ENGINE=MyISAM DEFAULT CHARSET=latin1;

--
-- Dumping data for table `ParcelDataRepository`
--

INSERT INTO `ParcelDataRepository` (`AIN`, `ParcelStatus`, `ParcelCreateDate`, `ParcelDeleteDate`, `Region`, `Cluster`, `UseCode`, `UseType`, `SitusHouseNo`, `SitusFraction`, `SitusDirection`, `SitusUnit`, `SitusStreet`, `SitusCity`, `SitusZIP`, `Units`, `Bedrooms`, `Bathrooms`, `SQFTmain`, `pdbRecDate`, `isMailCopySitus`, `MailHouseNo`, `MailFraction`, `MailDirection`, `MailUnit`, `MailStreet`, `MailCity`, `MailZip`, `RollYYYY`, `RollLandImpValue`) VALUES
('2004001003', '(active)', 0, 0, '02', '02121', '0101', 'SFR', '8321', ' ', ' ', ' ', 'FAUST AVE', 'LOS ANGELES CA', '91304-3327', 1, 4, 3, 2090, '20090529-50', 'N', '8321', ' ', ' ', ' ', 'FAUST AVE', 'WEST HILLS CA', '91304-3327', 2015, 615000),
('2004001004', '(active)', 0, 0, '02', '02121', '0101', 'SFR', '8313', ' ', ' ', ' ', 'FAUST AVE', 'LOS ANGELES CA', '91304-3327', 1, 5, 3, 2479, '20091029-50', 'N', '8313', ' ', ' ', ' ', 'FAUST AVE', 'WEST HILLS CA', '91304-3327', 2015, 531642),
('2004001019', '(active)  ', 0, 0, '02', '02121', '0100', 'SFR', '8321', ' ', ' ', ' ', 'PONCE AVE', 'LOS ANGELES CA', '91304-3336', 1, 4, 3, 2423, '20150508-50', 'N', '8321', ' ', ' ', ' ', 'PONCE AVE', 'WEST HILLS CA', '91304-3336', 2015, 604000),
('2004001028', '(active)', 0, 0, '02', '02121', '0101', 'SFR', '8303', ' ', ' ', ' ', 'FAUST AVE', 'LOS ANGELES CA', '91304-3327', 1, 5, 3, 2479, '20050526-50', 'N', '8303', ' ', ' ', ' ', 'FAUST AVE', 'WEST HILLS CA', '91304-3327', 2015, 615000),
('2004002006', '(active)', 0, 0, '02', '02121', '0100', 'SFR', '8384', ' ', ' ', ' ', 'FALLBROOK AVE', 'LOS ANGELES CA', '91304-3231', 1, 3, 3, 1589, '20040123-50', 'N', '8384', ' ', ' ', ' ', 'FALLBROOK AVE', 'WEST HILLS CA', '91304-3231', 2015, 470000),
('2004002023', '(active)', 0, 0, '02', '02121', '0100', 'SFR', '8368', ' ', ' ', ' ', 'MAYNARD AVE', 'LOS ANGELES CA', '91304-3334', 1, 3, 3, 1589, '20150130-50', 'N', '8368', ' ', ' ', ' ', 'MAYNARD AVE', 'WEST HILLS CA', '91304-3334', 2015, 495000),
('2004002026', '(active)', 0, 0, '02', '02121', '0100', 'SFR', '8350', ' ', ' ', ' ', 'MAYNARD AVE', 'LOS ANGELES CA', '91304-3334', 1, 3, 3, 1589, '20101202-50', 'N', '240', ' ', 'N', ' ', 'MEYER ST', 'SAN FERNANDO CA', '91340-2622', 2015, 495000),
('2004003005', '(active)', 0, 0, '02', '02121', '0100', 'SFR', '8345', ' ', ' ', ' ', 'PONCE AVE', 'LOS ANGELES CA', '91304-3338', 1, 4, 3, 2029, '20070404-50', 'N', '8345', ' ', ' ', ' ', 'PONCE AVE', 'WEST HILLS CA', '91304-3338', 2015, 555000),
('2004003008', '(active)', 0, 0, '02', '02121', '0101', 'SFR', '8363', ' ', ' ', ' ', 'PONCE AVE', 'LOS ANGELES CA', '91304-3338', 1, 3, 3, 1589, '20040206-50', 'N', '8363', ' ', ' ', ' ', 'PONCE AVE', 'WEST HILLS CA', '91304-3338', 2015, 525000),
('2004003010', '(active)', 0, 0, '02', '02121', '0101', 'SFR', '8375', ' ', ' ', ' ', 'PONCE AVE', 'LOS ANGELES CA', '91304-3338', 1, 3, 3, 1538, '20040329-50', 'N', '8375', ' ', ' ', ' ', 'PONCE AVE', 'WEST HILLS CA', '91304-3338', 2015, 530000),
('2004003011', '(active)', 0, 0, '02', '02121', '0101', 'SFR', '8381', ' ', ' ', ' ', 'PONCE AVE', 'LOS ANGELES CA', '91304-3338', 1, 3, 3, 1538, '20150331-50', 'N', '8381', ' ', ' ', ' ', 'PONCE AVE', 'WEST HILLS CA', '91304-3338', 2015, 520000),
('2004003022', '(active)', 0, 0, '02', '02121', '0101', 'SFR', '8381', ' ', ' ', ' ', 'FAUST AVE', 'LOS ANGELES CA', '91304-3328', 1, 4, 3, 2090, '20040818-50', 'N', '8381', ' ', ' ', ' ', 'FAUST AVE', 'WEST HILLS CA', '91304-3328', 2015, 625000),
('2004004011', '(active)', 0, 0, '02', '02121', '0101', 'SFR', '8379', ' ', ' ', ' ', 'SALE AVE', 'LOS ANGELES CA', '91304-3340', 1, 4, 2, 1882, '20060616-50', 'N', '8379', ' ', ' ', ' ', 'SALE AVE', 'WEST HILLS CA', '91304-3340', 2015, 576000),
('2004004015', '(active)', 0, 0, '02', '02121', '0101', 'SFR', '8323', ' ', ' ', ' ', 'SALE AVE', 'LOS ANGELES CA', '91304-3340', 1, 4, 2, 1882, '20041109-50', 'N', '8323', ' ', ' ', ' ', 'SALE AVE', 'WEST HILLS CA', '91304-3340', 2015, 580000),
('2004004022', '(active)', 0, 0, '02', '02121', '0101', 'SFR', '8330', ' ', ' ', ' ', 'FAUST AVE', 'LOS ANGELES CA', '91304-3326', 1, 4, 3, 2832, '20081104-50', 'N', '8330', ' ', ' ', ' ', 'FAUST AVE', 'WEST HILLS CA', '91304-3326', 2015, 738000),
('2004004023', '(active)', 0, 0, '02', '02121', '0101', 'SFR', '8336', ' ', ' ', ' ', 'FAUST AVE', 'LOS ANGELES CA', '91304-3326', 1, 5, 3, 2479, '20050125-50', 'N', '8336', ' ', ' ', ' ', 'FAUST AVE', 'WEST HILLS CA', '91304-3326', 2015, 629000),
('2004007016', '(active)', 0, 0, '02', '02121', '0100', 'SFR', '8363', ' ', ' ', ' ', 'SAUSALITO AVE', 'LOS ANGELES CA', '91304-3342', 1, 3, 2, 1477, '20100813-50', 'N', '8363', ' ', ' ', ' ', 'SAUSALITO AVE', 'WEST HILLS CA', '91304-3342', 2015, 467084),
('2004009012', '(active)', 0, 0, '02', '02121', '0100', 'SFR', '8356', ' ', ' ', ' ', 'SAUSALITO AVE', 'LOS ANGELES CA', '91304-3341', 1, 3, 2, 1477, '20101230-50', 'N', '8356', ' ', ' ', ' ', 'SAUSALITO AVE', 'CANOGA PARK CA', '91304-3341', 2015, 448646),
('2004013017', '(active)', 0, 0, '02', '02121', '0100', 'SFR', '8401', ' ', ' ', ' ', 'FAUST AVE', 'LOS ANGELES CA', '91304-2233', 1, 3, 2, 1683, '20130108-50', 'N', '8401', ' ', ' ', ' ', 'FAUST AVE', 'WEST HILLS CA', '91304-2233', 2015, 522339),
('2004014012', '(active)', 0, 0, '02', '02121', '0103', 'SFR', '22709', ' ', ' ', ' ', 'RODAX ST', 'LOS ANGELES CA', '91304-2251', 1, 3, 3, 1685, '20091023-50', 'N', '22709', ' ', ' ', ' ', 'RODAX ST', 'WEST HILLS CA', '91304-2251', 2015, 514597),
('2004017020', '(active)', 0, 0, '02', '02121', '0101', 'SFR', '22434', ' ', ' ', ' ', 'MICHALE ST', 'LOS ANGELES CA', '91304-2239', 1, 3, 2, 1475, '20030214-50', 'N', '22434', ' ', ' ', ' ', 'MICHALE ST', 'WEST HILLS CA', '91304-2239', 2015, 527818),
('2004019015', '(active)', 0, 0, '02', '02121', '0101', 'SFR', '8524', ' ', ' ', ' ', 'RUDNICK AVE', 'LOS ANGELES CA', '91304-2259', 1, 3, 2, 1972, '20101124-50', 'N', '8524', ' ', ' ', ' ', 'RUDNICK AVE', 'CANOGA PARK CA', '91304-2259', 2015, 548990),
('2004021016', '(active)', 0, 0, '02', '02121', '0101', 'SFR', '8641', ' ', ' ', ' ', 'DELMONICO AVE', 'LOS ANGELES CA', '91304-1303', 1, 4, 3, 2418, '20040312-50', 'N', '8641', ' ', ' ', ' ', 'DELMONICO AVE', 'WEST HILLS CA', '91304-1303', 2015, 721626),
('2004023001', '(active)', 0, 0, '02', '02121', '0100', 'SFR', '8971', ' ', ' ', ' ', 'FARRALONE AVE', 'LOS ANGELES CA', '91304-1311', 1, 4, 3, 2082, '20050406-50', 'N', '8971', ' ', ' ', ' ', 'FARRALONE AVE', 'WEST HILLS CA', '91304-1311', 2015, 585579),
('2005007016', '(active)', 0, 0, '02', '02121', '010D', 'SFR', '8442', ' ', ' ', ' ', 'DENISE LN', 'LOS ANGELES CA', '91304-3206', 1, 4, 3, 2299, '20041222-50', 'N', '8442', ' ', ' ', ' ', 'DENISE LN', 'WEST HILLS CA', '91304-3206', 2015, 613334),
('2005010028', '(active)', 0, 0, '02', '02121', '0100', 'SFR', '23316', ' ', ' ', ' ', 'SCHOENBORN ST', 'LOS ANGELES CA', '91304-3128', 1, 4, 3, 2502, '20040220-50', 'N', '23316', ' ', ' ', ' ', 'SCHOENBORN ST', 'WEST HILLS CA', '91304-3128', 2015, 638651),
('2005012018', '(active)', 0, 0, '02', '02121', '0101', 'SFR', '8428', ' ', ' ', ' ', 'JOAN LN', 'LOS ANGELES CA', '91304-3117', 1, 3, 2, 1634, '20081114-50', 'N', '8428', ' ', ' ', ' ', 'JOAN LN', 'WEST HILLS CA', '91304-3117', 2015, 538000),
('2005015026', '(active)', 0, 0, '02', '02121', '0101', 'SFR', '23501', ' ', ' ', ' ', 'COMMUNITY ST', 'LOS ANGELES CA', '91304-3145', 1, 4, 3, 3185, '20060629-50', 'N', '23501', ' ', ' ', ' ', 'COMMUNITY ST', 'WEST HILLS CA', '91304-3145', 2015, 790079),
('2005017039', '(active)', 0, 0, '02', '02121', '0101', 'SFR', '8310', ' ', ' ', ' ', 'HILLARY DR', 'LOS ANGELES CA', '91304-3152', 1, 4, 2, 2067, '20050825-50', 'N', '8310', ' ', ' ', ' ', 'HILLARY DR', 'WEST HILLS CA', '91304-3152', 2015, 693000),
('2005018033', '(active)', 0, 0, '02', '02121', '0101', 'SFR', '23646', ' ', ' ', ' ', 'NADIR ST', 'LOS ANGELES CA', '91304-3038', 1, 4, 2, 1875, '20040219-50', 'N', '23646', ' ', ' ', ' ', 'NADIR ST', 'WEST HILLS CA', '91304-3038', 2015, 609239),
('2005021010', '(active)', 0, 0, '02', '02121', '0100', 'SFR', '8335', ' ', ' ', ' ', 'STARKLAND AVE', 'LOS ANGELES CA', '91304-3025', 1, 4, 3, 2985, '20091020-50', 'N', '8335', ' ', ' ', ' ', 'STARKLAND AVE', 'WEST HILLS CA', '91304-3025', 2015, 659676),
('2006001003', '(active)  ', 0, 0, '02', '02108', '010V', 'VAC', '0', ' ', ' ', ' ', ' ', ' ', ' ', NULL, NULL, NULL, NULL, '19860519-50', 'N', '23449', ' ', ' ', ' ', 'LAKE MANOR DR', 'CHATSWORTH CA', '91311-6339', 2015, 238596),
('2006002900', '(active)  ', 0, 0, '02', '02900', '880V', 'VAC', '0', ' ', ' ', ' ', ' ', ' ', ' ', NULL, NULL, NULL, NULL, '19670245-50', 'N', '0', ' ', ' ', ' ', 'PO BOX 51111', 'LOS ANGELES CA', '90051-5700', 2015, NULL),
('2006017015', '(active)', 0, 0, '02', '02108', '010V', 'VAC', '0', ' ', ' ', ' ', ' ', ' ', ' ', NULL, NULL, NULL, NULL, '20140519-50', 'N', '9392', ' ', ' ', ' ', 'EHLERS DR', 'CHATSWORTH CA', '91311-6307', 2015, 21427),
('2006017016', '(active)', 0, 0, '02', '02108', '010V', 'VAC', '0', ' ', ' ', ' ', ' ', ' ', ' ', NULL, NULL, NULL, NULL, '20140519-50', 'N', '9392', ' ', ' ', ' ', 'EHLERS DR', 'CHATSWORTH CA', '91311-6307', 2015, 21427),
('2006030045', '(active)', 19930302, 0, '02', '02108', '0100', 'SFR', '9132', ' ', ' ', ' ', 'GRUNDY LN', 'LOS ANGELES CA', '91311-6353', 1, 2, 2, 1452, '20070323-50', 'N', '8820', ' ', ' ', ' ', 'AZUL CIR', 'WEST HILLS CA', '91304-2101', 2015, 455500),
('2007009041', '(active)', 20110102, 0, '02', '02411', '0200', 'R-I', '9316', ' ', ' ', ' ', 'THOMPSON AVE', 'CHATSWORTH CA', '91311-6408', 2, 4, 4, 1120, '20100310-50', 'N', '20901', ' ', ' ', ' ', 'NORTHVIEW DR', 'WALNUT CA', '91789-2025', 2015, 157339),
('2010019022', '(active)', 0, 0, '02', '02121', '0100', 'SFR', '22150', ' ', ' ', ' ', 'ECCLES ST', 'LOS ANGELES CA', '91304-2314', 1, 3, 2, 1144, '20130625-50', 'N', '22150', ' ', ' ', ' ', 'ECCLES ST', 'CANOGA PARK CA', '91304-2314', 2015, 397386),
('2010023041', '(active)', 20000818, 0, '28', '28620', '1320', 'C/I', '8373', ' ', ' ', ' ', 'TOPANGA CANYON BLVD', 'LOS ANGELES CA', '91304-2343', 0, 0, 0, 42414, '20120104-50', 'N', '1454', ' ', ' ', ' ', 'BEVERWIL DR', 'LOS ANGELES CA', '90035-2909', 2015, 5094875),
('2010023044', '(active)', 20010829, 0, '02', '02498', '01DC', 'CND', '8324', ' ', ' ', ' ', 'CHELSEA LN', 'LOS ANGELES CA', '91304-3855', 1, 4, 3, 2233, '20050428-50', 'N', '8324', ' ', ' ', ' ', 'CHELSEA LN', 'WEST HILLS CA', '91304-3855', 2015, 453000),
('2012001019', '(active)', 0, 0, '02', '02143', '0100', 'SFR', '8120', ' ', ' ', ' ', 'GLADE AVE', 'LOS ANGELES CA', '91304-3819', 1, 4, 2, 1850, '20071129-50', 'N', '8120', ' ', ' ', ' ', 'GLADE AVE', 'CANOGA PARK CA', '91304-3819', 2015, 84607),
('2017005039', '(active)  ', 19941024, 0, '02', '02198', '0901', 'R-I', '24303', ' ', ' ', ' ', 'WOOLSEY CANYON RD', 'WEST HILLS CA', '91304-1130', 0, 0, 2, 4314, '20100312-50', 'N', '138', ' ', 'S', ' ', 'LASKY DR', 'BEVERLY HILLS CA', '90212-1704', 2015, 13962410),
('2017006010', '(active)  ', 0, 0, '02', '02198', '0900', 'R-I', '0', ' ', ' ', ' ', ' ', ' ', ' ', NULL, NULL, NULL, NULL, '19900822-50', 'N', '24425', ' ', ' ', ' ', 'WOOLSEY CANYON RD', 'CANOGA PARK CA', '91304-1131', 2015, 30004),
('2017028021', '(active)', 19870702, 0, '02', '02121', '0101', 'SFR', '7606', ' ', ' ', ' ', 'CARMENITA LN', 'LOS ANGELES CA', '91304-5246', 1, 5, 5, 4255, '20110708-50', 'N', '7606', ' ', ' ', ' ', 'CARMENITA LN', 'WEST HILLS CA', '91304-5246', 2015, 1143000),
('2017031008', '(active)', 19881221, 0, '02', '02121', '0101', 'SFR', '9242', ' ', ' ', ' ', 'ROCKY MESA PL', 'WEST HILLS CA', '91304-1221', 1, 5, 4, 6339, '20081017-50', 'Y', '9242', ' ', ' ', ' ', 'ROCKY MESA PL', 'WEST HILLS CA', '913041221', 2015, 1476198),
('2017036014', '(active)', 20030605, 0, '02', '02121', '0101', 'SFR', '7416', ' ', ' ', ' ', 'WISCASSET DR', 'WEST HILLS CA', '91304-6707', 1, 5, 5, 4205, '20100615-50', 'Y', '7416', ' ', ' ', ' ', 'WISCASSET DR', 'WEST HILLS CA', '913046707', 2015, 1323000),
('2020007036', '(active)', 0, 0, '02', '02145', '0101', 'SFR', '23717', ' ', ' ', ' ', 'BLYTHE ST', 'LOS ANGELES CA', '91304-5710', 1, 4, 3, 1939, '19930617-50', 'N', '23717', ' ', ' ', ' ', 'BLYTHE ST', 'CANOGA PARK CA', '91304-5710', 2015, 324924),
('2020013036', '(active)', 0, 0, '02', '02145', '0101', 'SFR', '24016', ' ', ' ', ' ', 'STRATHERN ST', 'LOS ANGELES CA', '91304-6137', 1, 4, 3, 2714, '20050824-50', 'N', '24016', ' ', ' ', ' ', 'STRATHERN ST', 'WEST HILLS CA', '91304-6137', 2015, 841000),
('2021020020', '(active)', 0, 0, '02', '02121', '0101', 'SFR', '22937', ' ', ' ', ' ', 'WYANDOTTE ST', 'LOS ANGELES CA', '91307-2133', 1, 4, 2, 1399, '20120131-50', 'N', '22937', ' ', ' ', ' ', 'WYANDOTTE ST', 'WEST HILLS CA', '91307-2133', 2015, 439304),
('2023007025', '(active)  ', 0, 0, '24', '24604', '1700', 'C/I', '7257', ' ', ' ', ' ', 'TOPANGA CANYON BLVD', 'LOS ANGELES CA', '91303-1241', 2, 0, 6, 10562, '20080625-50', 'N', '20352', ' ', ' ', ' ', 'VIA SANSOVINO', 'PORTER RANCH CA', '91326-4409', 2015, 1692592),
('2023008007', '(active)', 0, 0, '02', '02143', '0100', 'SFR', '22026', ' ', ' ', ' ', 'CANTLAY ST', 'LOS ANGELES CA', '91303-1101', 1, 4, 3, 1891, '20050822-50', 'N', '11911', ' ', ' ', ' ', 'STRATHERN ST', 'NORTH HOLLYWOOD CA', '91605-1413', 2015, 505000),
('2023023011', '(active)', 0, 0, '02', '02143', '0100', 'SFR', '7437', ' ', ' ', ' ', 'MOORCROFT AVE', 'LOS ANGELES CA', '91303-1016', 1, 3, 2, 1476, '20010706-50', 'N', '7437', ' ', ' ', ' ', 'MOORCROFT AVE', 'CANOGA PARK CA', '91303-1016', 2015, 282703),
('2023023012', '(active)', 0, 0, '02', '02143', '0100', 'SFR', '22240', ' ', ' ', ' ', 'RUNNYMEDE ST', 'LOS ANGELES CA', '91303-1020', 1, 3, 2, 1958, '19801029-50', 'N', '15542', ' ', ' ', ' ', 'BRIARWOOD DR', 'SHERMAN OAKS CA', '91403-4303', 2015, 184731),
('2023028028', '(active)', 0, 0, '24', '24600', '2500', 'C/I', '22375', ' ', ' ', ' ', 'SHERMAN WAY', 'LOS ANGELES CA', '91303-1050', 1, 0, 0, 1715, '20080123-50', 'N', '45', ' ', ' ', ' ', 'CINCH RD', 'BELL CANYON CA', '91307-1003', 2015, 1390000),
('2023028041', '(active)  ', 0, 0, '24', '24604', '1500', 'C/I', '22215', ' ', ' ', ' ', 'SHERMAN WAY', 'LOS ANGELES CA', '91303-1048', 0, 0, 0, 11216, '20061120-50', 'N', '16938', ' ', ' ', ' ', 'GRESHAM ST', 'NORTHRIDGE CA', '91343-4518', 2015, 1481353),
('2024002001', '(active)', 0, 0, '02', '02147', '0101', 'SFR', '22056', ' ', ' ', ' ', 'GAULT ST', 'LOS ANGELES CA', '91303-1803', 1, 3, 3, 1770, '20020606-50', 'N', '22056', ' ', ' ', ' ', 'GAULT ST', 'CANOGA PARK CA', '91303-1803', 2015, 325726),
('2026020021', '(active)', 0, 0, '02', '02147', '0100', 'SFR', '23210', ' ', ' ', ' ', 'HARTLAND ST', 'LOS ANGELES CA', '91307-2408', 1, 4, 2, 1661, '20070202-50', 'N', '23210', ' ', ' ', ' ', 'HARTLAND ST', 'WEST HILLS CA', '91307-2408', 2015, 550000),
('2027043014', '(active)', 19890309, 0, '02', '02145', '0101', 'SFR', '7349', ' ', ' ', ' ', 'RUTHERFORD HILL DR', 'WEST HILLS CA', '91307-5204', 1, 5, 5, 4410, '20130116-50', 'Y', '7349', ' ', ' ', ' ', 'RUTHERFORD HILL DR', 'WEST HILLS CA', '913075204', 2015, 1269000),
('2031004051', '(active)', 0, 0, '02', '02145', '0104', 'SFR', '7150', ' ', ' ', ' ', 'CASTLE PEAK DR', 'LOS ANGELES CA', '91307-3819', 1, 3, 3, 2047, '20091120-50', 'N', '24002', ' ', ' ', ' ', 'LONG VALLEY RD', 'HIDDEN HILLS CA', '91302-2424', 2015, 596083),
('2031004066', '(active)', 19920914, 0, '02', '02145', '0100', 'SFR', '7159', ' ', ' ', ' ', 'CASTLE PEAK DR', 'LOS ANGELES CA', '91307-3823', 1, 3, 3, 2346, '20090622-50', 'N', '24002', ' ', ' ', ' ', 'LONG VALLEY RD', 'HIDDEN HILLS CA', '91302-2424', 2015, 616099),
('2031007043', '(active)', 0, 0, '02', '02145', '0101', 'SFR', '7010', ' ', ' ', ' ', 'CASTLE PEAK DR', 'LOS ANGELES CA', '91307-3848', 1, 4, 3, 2609, '20040730-50', 'N', '23973', ' ', ' ', ' ', 'LONG VALLEY RD', 'HIDDEN HILLS CA', '91302-2423', 2015, 817000),
('2032027013', '(active)  ', 0, 0, '02', '02145', '0109', 'SFR', '0', ' ', ' ', ' ', ' ', ' ', ' ', NULL, NULL, NULL, NULL, '20150414-50', 'N', '5971', ' ', ' ', ' ', 'NORA LYNN DR', 'WOODLAND HILLS CA', '91367-1056', 2015, 482025),
('2032027014', '(active)', 0, 0, '02', '02145', '0101', 'SFR', '5971', ' ', ' ', ' ', 'NORA LYNN DR', 'LOS ANGELES CA', '91367-1056', 1, 5, 4, 4167, '20150414-50', 'N', '5971', ' ', ' ', ' ', 'NORA LYNN DR', 'WOODLAND HILLS CA', '91367-1056', 2015, 1002506),
('2033009023', '(active)', 0, 0, '02', '02147', '0101', 'SFR', '23800', ' ', ' ', ' ', 'MOBILE ST', 'LOS ANGELES CA', '91307-3137', 1, 4, 3, 1668, '20130906-50', 'N', '23800', ' ', ' ', ' ', 'MOBILE ST', 'WEST HILLS CA', '91307-3137', 2015, 635447),
('2034032072', '(active)  ', 0, 0, '24', '24604', '1100', 'C/I', '23703', ' ', ' ', ' ', 'VANOWEN ST', 'LOS ANGELES CA', '91307-3030', 0, 0, 0, 8540, '20140429-50', 'N', '413', ' ', ' ', ' ', 'COTTAM PL', 'PLACENTIA CA', '92870-5143', 2015, 3566817),
('2035001009', '(active)', 0, 0, '02', '02163', '0101', 'SFR', '23318', ' ', ' ', ' ', 'CALVERT ST', 'LOS ANGELES CA', '91367-3113', 1, 4, 2, 1967, '20030915-50', 'N', '23318', ' ', ' ', ' ', 'CALVERT ST', 'WOODLAND HILLS CA', '91367-3113', 2015, 601046),
('2038032009', '(active)', 0, 0, '02', '02147', '0100', 'SFR', '6636', ' ', ' ', ' ', 'SALE AVE', 'LOS ANGELES CA', '91307-3628', 1, 6, 5, 2953, '20070607-50', 'N', '7416', ' ', ' ', ' ', 'WISCASSET DR', 'WEST HILLS CA', '91304-6707', 2015, 760000),
('2039016008', '(active)', 0, 0, '02', '02163', '0101', 'SFR', '22861', ' ', ' ', ' ', 'OXNARD ST', 'LOS ANGELES CA', '91367-3228', 1, 3, 2, 2085, '20060928-50', 'N', '22861', ' ', ' ', ' ', 'OXNARD ST', 'WOODLAND HILLS CA', '91367-3228', 2015, 883000),
('2041012017', '(active)', 0, 0, '02', '02163', '0101', 'SFR', '23111', ' ', ' ', ' ', 'BURBANK BLVD', 'LOS ANGELES CA', '91367-4208', 1, 4, 3, 2782, '20060119-50', 'N', '23111', ' ', ' ', ' ', 'BURBANK BLVD', 'WOODLAND HILLS CA', '91367-4208', 2015, 966000),
('2041013035', '(active)', 0, 0, '02', '02163', '0100', 'SFR', '22955', ' ', ' ', ' ', 'BURBANK BLVD', 'LOS ANGELES CA', '91367-4204', 1, 4, 3, 2000, '20050608-50', 'N', '22955', ' ', ' ', ' ', 'BURBANK BLVD', 'WOODLAND HILLS CA', '91367-4204', 2015, 680000),
('2048001001', '(active)', 0, 0, '02', '02191', '0100', 'SFR', '5823', ' ', ' ', ' ', 'CALMFIELD AVE', 'A;URA HILLS CA', '91301-2106', 1, 4, 2, 1924, '19980701-50', 'Y', '5823', ' ', ' ', ' ', 'CALMFIELD AVE', 'A;URA HILLS CA', '913012106', 2015, 353226),
('2048004021', '(active)', 0, 0, '02', '02499', '010C', 'CND', '28969', ' ', ' ', ' ', 'OAKPATH DR', 'A;URA CA', '91301-3352', 1, 2, 1, 921, '20130212-50', 'N', '400', ' ', ' ', 'UNIT 2', 'RICHMOND ST', 'EL SEGUNDO CA', '90245-3769', 2015, 202683),
('2049001004', '(active)', 0, 0, '02', '02165', '010V', 'VAC', '6084', ' ', ' ', ' ', 'JOHN MUIR RD', 'HIDDEN HILLS CA', '91302-1244', NULL, NULL, NULL, NULL, '20070816-50', 'Y', '6084', ' ', ' ', ' ', 'JOHN MUIR RD', 'HIDDEN HILLS CA', '913021244', 2015, 27320),
('2049004012', '(active)', 19920521, 0, '02', '02185', '010V', 'VAC', '0', ' ', ' ', ' ', ' ', ' ', ' ', NULL, NULL, NULL, NULL, '19900613-50', 'N', '4165', ' ', 'E', 'NO   390', 'THOUSAND OAKS BLVD', 'WESTLAKE VILLAGE CA', '91362-3854', 2015, 6),
('2049026063', '(active)', 0, 0, '02', '02199', '0700', 'SFR', '25081', ' ', ' ', ' ', 'LEWIS AND CLARK RD', 'HIDDEN HILLS CA', '91302-1141', 1, 2, 1, 1000, '20070705-50', 'N', '0', ' ', ' ', ' ', 'PO BOX 8148', 'CALABASAS CA', '91372', 2015, 1295920),
('2052001901', '(active)  ', 19920430, 0, '02', '02187', '540V', 'VAC', '0', ' ', ' ', ' ', ' ', ' ', ' ', NULL, NULL, NULL, NULL, '19920430-50', 'Y', '0', ' ', ' ', ' ', ' ', ' ', '000000000 ', 2015, NULL),
('2053011074', '(active)', 0, 0, '02', '02193', '010D', 'SFR', '5300', ' ', ' ', ' ', 'FRANCISCA WAY', 'A;URA HILLS CA', '91301-5202', 1, 3, 3, 2017, '20020716-50', 'Y', '5300', ' ', ' ', ' ', 'FRANCISCA WAY', 'A;URA HILLS CA', '913015202', 2015, 407310),
('2055001029', '(active)', 0, 0, '02', '02189', '010V', 'VAC', '0', ' ', ' ', ' ', ' ', ' ', ' ', NULL, NULL, NULL, NULL, '20140619-50', 'N', '5737', ' ', ' ', 'UNIT 171', 'KANAN RD', 'A;URA HILLS CA', '91301-1689', 2015, 535489),
('2057002104', '(active)', 0, 0, '02', '02195', '010V', 'VAC', '0', ' ', ' ', ' ', ' ', ' ', ' ', NULL, NULL, NULL, NULL, '19850508-50', 'N', '30941', ' ', ' ', 'UNIT 112', 'A;URA RD', 'WESTLAKE VILLAGE CA', '91361-4617', 2015, 9),
('2069030026', '(active)', 0, 0, '02', '02183', '010D', 'SFR', '4038', ' ', ' ', ' ', 'BATRIS CT', 'CALABASAS CA', '91302-1872', 1, 4, 5, 3954, '20130405-50', 'Y', '4038', ' ', ' ', ' ', 'BATRIS CT', 'CALABASAS CA', '913021872', 2015, 1576874),
('2074002005', '(active)', 0, 0, '02', '02167', '0101', 'SFR', '4761', ' ', ' ', ' ', 'LARKWOOD AVE', 'LOS ANGELES CA', '91364-3737', 1, 4, 4, 2581, '20061229-50', 'N', '4761', ' ', ' ', ' ', 'LARKWOOD AVE', 'WOODLAND HILLS CA', '91364-3737', 2015, 184877),
('2101001002', '(active)', 0, 0, '02', '02131', '0100', 'SFR', '8225', ' ', ' ', ' ', 'WHITE OAK AVE', 'LOS ANGELES CA', '91335-1536', 1, 4, 2, 1192, '19790823-50', 'N', '8225', ' ', ' ', ' ', 'WHITE OAK AVE', 'RESEDA CA', '91335-1536', 2015, 140380),
('2102002038', '(active)', 0, 0, '02', '02413', '0501', 'R-I', '8040', ' ', ' ', ' ', 'RESEDA BLVD', 'LOS ANGELES CA', '91335-1374', 86, 90, 94, 58324, '20141001-50', 'N', '501', ' ', 'S', 'STE 219', 'FAIRFAX AVE', 'LOS ANGELES CA', '90036-3179', 2015, 5184625),
('2102003001', '(active)', 0, 0, '02', '02133', '0101', 'SFR', '8157', ' ', ' ', ' ', 'DARBY AVE', 'LOS ANGELES CA', '91335-1313', 1, 3, 2, 1235, '20040519-50', 'N', '8157', ' ', ' ', ' ', 'DARBY AVE', 'RESEDA CA', '91335-1313', 2015, 65023),
('2102015061', '(active)', 19870301, 0, '02', '02496', '010C', 'CND', '18417', ' ', ' ', ' ', 'ARMINTA ST', 'LOS ANGELES CA', '91335-2013', 1, 3, 3, 2039, '19871231-50', 'N', '18417', ' ', ' ', 'NO    1A', 'ARMINTA ST', 'RESEDA CA', '91335-2013', 2015, 280284),
('2104001001', '(active)', 0, 0, '02', '02137', '0100', 'SFR', '19238', ' ', ' ', ' ', 'ROSCOE BLVD', 'LOS ANGELES CA', '91324-4239', 1, 3, 2, 1132, '19790119-50', 'N', '6401', ' ', ' ', ' ', 'SHOUP AVE', 'CANOGA PARK CA', '91307-3724', 2015, 57485),
('2108001001', '(active)', 0, 0, '02', '02139', '0100', 'SFR', '20640', ' ', ' ', ' ', 'CANTARA ST', 'LOS ANGELES CA', '91306-1707', 1, 5, 3, 2254, '20110526-50', 'N', '20640', ' ', ' ', ' ', 'CANTARA ST', 'WINNETKA CA', '91306-1707', 2015, 284196),
('2121018009', '(active)', 0, 0, '02', '02154', '0100', 'SFR', '7115', ' ', ' ', ' ', 'WHITE OAK AVE', 'LOS ANGELES CA', '91335-4821', 1, 3, 2, 1232, '20130205-50', 'N', '7115', ' ', ' ', ' ', 'WHITE OAK AVE', 'RESEDA CA', '91335-4821', 2015, 247756),
('2121018081', '(active)', 0, 0, '02', '02497', '010C', 'CND', '7137', ' ', ' ', 'A', 'WHITE OAK AVE', 'LOS ANGELES CA', '91335-4837', 1, 3, 2, 1704, '20150310-50', 'N', '7137', ' ', ' ', 'UNIT A', 'WHITE OAK AVE', 'RESEDA CA', '91335-4837', 2015, 327000),
('2121021033', '(active)', 0, 0, '02', '02412', '0500', 'R-I', '17760', ' ', ' ', ' ', 'SHERMAN WAY', 'LOS ANGELES CA', '91335-3361', 74, 75, 74, 49715, '19751103-50', 'N', '5150', ' ', ' ', ' ', 'OVERLAND AVE', 'CULVER CITY CA', '90230-4914', 2015, 2783635),
('2124003001', '(active)  ', 0, 0, '02', '02152', '0100', 'SFR', '6371', ' ', ' ', ' ', 'CANBY AVE', 'LOS ANGELES CA', '91335-7009', 1, 4, 2, 1440, '20150814-50', 'N', '6371', ' ', ' ', ' ', 'CANBY AVE', 'TARZANA CA', '91335-7009', 2015, 345500),
('2128001001', '(active)', 0, 0, '02', '02150', '0100', 'SFR', '19124', ' ', ' ', ' ', 'KITTRIDGE ST', 'LOS ANGELES CA', '91335-5894', 1, 3, 2, 1276, '20060922-50', 'N', '19124', ' ', ' ', ' ', 'KITTRIDGE ST', 'RESEDA CA', '91335-5894', 2015, 207657),
('2128031021', '(active)', 0, 0, '02', '02490', '010F', 'CND', '19131', ' ', ' ', 'NO 1', 'VICTORY BLVD', 'LOS ANGELES CA', '91335-6437', 1, 3, 2, 1295, '20010919-50', 'N', '19634', ' ', ' ', 'STE 110', 'VENTURA BLVD', 'TARZANA CA', '91356-2981', 2015, 63991),
('2149008001', '(active)', 0, 0, '02', '02160', '0101', 'SFR', '20213', ' ', ' ', ' ', 'OXNARD ST', 'LOS ANGELES CA', '91367-5543', 1, 3, 2, 1975, '20130412-50', 'N', '6000', ' ', ' ', ' ', 'WINNETKA AVE', 'WOODLAND HILLS CA', '91367-5636', 2015, 410599),
('2153001001', '(active)', 0, 0, '02', '02159', '0100', 'SFR', '5743', ' ', ' ', ' ', 'PENFIELD AVE', 'LOS ANGELES CA', '91367-6926', 1, 5, 4, 3021, '19950510-50', 'N', '5743', ' ', ' ', ' ', 'PENFIELD AVE', 'WOODLAND HILLS CA', '91367-6926', 2015, 398301),
('2156001001', '(active)', 0, 0, '02', '02158', '0100', 'SFR', '19222', ' ', ' ', ' ', 'TOPHAM ST', 'LOS ANGELES CA', '91356-1141', 1, 3, 3, 1860, '20120726-50', 'N', '22131', ' ', ' ', ' ', 'ALTA DR', 'TOPANGA CA', '90290-4377', 2015, 420088),
('2159002059', '(active)', 0, 0, '02', '02156', '0100', 'SFR', '17737', ' ', ' ', ' ', 'BURBANK BLVD', 'LOS ANGELES CA', '91316-1614', 1, 2, 1, 1122, '20060912-50', 'N', '5096', ' ', ' ', ' ', 'CHIMINEAS AVE', 'TARZANA CA', '91356-4351', 2015, 61765),
('2160004003', '(active)', 0, 0, '02', '02176', '0130', 'SFR', '18525', ' ', ' ', ' ', 'CLARK ST', 'LOS ANGELES CA', '91356-3402', 1, 0, 2, 2104, '20091123-50', 'N', '5567', ' ', ' ', 'STE 330', 'RESEDA BLVD', 'TARZANA CA', '91356-2673', 2015, 818406),
('2161001021', '(active)', 0, 0, '02', '02175', '0101', 'SFR', '5456', ' ', ' ', ' ', 'TOPEKA DR', 'LOS ANGELES CA', '91356-3221', 1, 3, 4, 3014, '20041103-50', 'N', '5456', ' ', ' ', ' ', 'TOPEKA DR', 'TARZANA CA', '91356-3221', 2015, 427460),
('2163002036', '(active)', 0, 0, '02', '02172', '0101', 'SFR', '5522', ' ', ' ', ' ', 'SHIRLEY AVE', 'LOS ANGELES CA', '91356-2913', 1, 4, 3, 2619, '20050309-50', 'N', '5522', ' ', ' ', ' ', 'SHIRLEY AVE', 'TARZANA CA', '91356-2913', 2015, 524082),
('2182017001', '(active)', 0, 0, '02', '02179', '0100', 'SFR', '4633', ' ', ' ', ' ', 'WHITE OAK PL', 'LOS ANGELES CA', '91316-4336', 1, 4, 4, 4212, '20121212-50', 'N', '24150', ' ', ' ', ' ', 'VICTORY BLVD', 'WOODLAND HILLS CA', '91367-1255', 2015, 1210635),
('2205021014', '(active)', 0, 0, '02', '02155', '0100', 'SFR', '16148', ' ', ' ', ' ', 'SATICOY ST', 'LOS ANGELES CA', '91406-2914', 1, 5, 2, 2224, '20141121-50', 'N', '16148', ' ', ' ', ' ', 'SATICOY ST', 'VAN NUYS CA', '91406-2914', 2015, 67260),
('2209001001', '(active)', 0, 0, '03', '03130', '0100', 'SFR', '8218', ' ', ' ', ' ', 'SEPULVEDA PL', 'LOS ANGELES CA', '91402-4311', 1, 2, 1, 1142, '20140219-50', 'N', '7018', ' ', ' ', ' ', 'COLDWATER CANYON AVE', 'NORTH HOLLYWOOD CA', '91605-4903', 2015, 362092),
('2209001003', '(active)', 0, 0, '03', '03404', '0500', 'R-I', '8228', ' ', ' ', ' ', 'SEPULVEDA PL', 'LOS ANGELES CA', '91402-4353', 8, 16, 12, 6504, '20080521-50', 'N', '713', ' ', 'N', '5', 'NORMANDIE AVE', 'LOS ANGELES CA', '90029-3418', 2015, 1136607),
('2209011907', '(active)  ', 0, 0, '03', '03900', '880V', 'VAC', '0', ' ', ' ', ' ', ' ', ' ', ' ', NULL, NULL, NULL, NULL, '19671227-50', 'N', '500', ' ', 'W', 'RM 754', 'TEMPLE ST', 'LOS ANGELES CA', '90012-2700', 2015, NULL),
('2209035027', '(active)', 0, 0, '03', '03491', '010C', 'CND', '15113', ' ', ' ', 'NO 1', 'SATICOY ST', 'VAN NUYS CA', '91405-4903', 1, 1, 2, 932, '20091215-50', 'N', '25824', ' ', ' ', ' ', 'BLAKE CT', 'STEVENSON RANCH CA', '91381-1266', 2015, 94510),
('2215004001', '(active)', 0, 0, '03', '03136', '0100', 'SFR', '13741', ' ', ' ', ' ', 'COHASSET ST', 'LOS ANGELES CA', '91405-1502', 1, 4, 3, 1580, '20150423-50', 'N', '13741', ' ', ' ', ' ', 'COHASSET ST', 'VAN NUYS CA', '91405-1502', 2015, 294744),
('2215004030', '(active)  ', 0, 0, '03', '03407', '0200', 'R-I', '7419', ' ', ' ', ' ', 'WOODMAN AVE', 'LOS ANGELES CA', '91405-1520', 2, 2, 2, 1353, '20111122-50', 'N', '7419', ' ', ' ', ' ', 'WOODMAN AVE', 'VAN NUYS CA', '91405-1520', 2015, 245597),
('2216001001', '(active)  ', 0, 0, '03', '03139', '0101', 'SFR', '13961', ' ', ' ', ' ', 'LEADWELL ST', 'LOS ANGELES CA', '91405-2520', 1, 4, 2, 1679, '20080703-50', 'N', '13961', ' ', ' ', ' ', 'LEADWELL ST', 'VAN NUYS CA', '91405-2520', 2015, 487521),
('2218001001', '(active)', 0, 0, '03', '03142', '0100', 'SFR', '7540', ' ', ' ', ' ', 'KESTER AVE', 'LOS ANGELES CA', '91405-1727', 1, 2, 1, 1037, '20050421-50', 'N', '7540', ' ', ' ', ' ', 'KESTER AVE', 'VAN NUYS CA', '91405-1727', 2015, 143469),
('2236007016', '(active)', 0, 0, '03', '03199', '0700', 'SFR', '6702', ' ', ' ', ' ', 'CEDROS AVE', 'LOS ANGELES CA', '91405-3863', 1, 3, 2, 1770, '20101001-50', 'N', '6702', ' ', ' ', ' ', 'CEDROS AVE', 'VAN NUYS CA', '91405-3863', 2015, 506351),
('2243003001', '(active)', 0, 0, '03', '03408', '0500', 'R-I', '5659', ' ', ' ', ' ', 'HALBRENT AVE', 'LOS ANGELES CA', '91411-3206', 5, 6, 5, 4871, '20120531-50', 'N', '329', ' ', 'S', ' ', 'LINDEN DR', 'BEVERLY HILLS CA', '90212-3706', 2015, 731570),
('2243005001', '(active)', 0, 0, '03', '03148', '0100', 'SFR', '5759', ' ', ' ', ' ', 'COLUMBUS AVE', 'LOS ANGELES CA', '91411-3221', 1, 3, 2, 1316, '20070306-50', 'N', '5816', ' ', ' ', ' ', 'BURNET AVE', 'VAN NUYS CA', '91411-3019', 2015, 385613),
('2243008043', '(active)', 19920316, 0, '03', '03494', '010C', 'CND', '15153', ' ', ' ', '1', 'BURBANK BLVD', 'LOS ANGELES CA', '91411-3572', 1, 2, 3, 902, '20120702-50', 'N', '15153', ' ', ' ', 'NO 1', 'BURBANK BLVD', 'VAN NUYS CA', '91411-3572', 2015, 144172),
('2245001017', '(active)', 0, 0, '03', '03151', '0100', 'SFR', '14123', ' ', ' ', ' ', 'TIARA ST', 'LOS ANGELES CA', '91401-3611', 1, 2, 1, 742, '20121108-50', 'N', '10621', ' ', ' ', ' ', 'BALCOM AVE', 'GRANADA HILLS CA', '91344-5908', 2015, 135007),
('2259001001', '(active)', 0, 0, '02', '02177', '0100', 'SFR', '5158', ' ', ' ', ' ', 'BALBOA BLVD', 'LOS ANGELES CA', '91316-3425', 1, 4, 3, 2771, '20141121-50', 'N', '5158', ' ', ' ', ' ', 'BALBOA BLVD', 'ENCINO CA', '91316-3425', 2015, 855000),
('2264002001', '(active)', 0, 0, '03', '03169', '0100', 'SFR', '15339', ' ', ' ', ' ', 'CAMARILLO ST', 'LOS ANGELES CA', '91403-1902', 1, 2, 1, 988, '19820913-50', 'N', '100', ' ', ' ', 'STE 1600', 'WILSHIRE BLVD', 'SANTA MONICA CA', '90401-1115', 2015, 189874),
('2264002017', '(active)', 0, 0, '03', '03409', '050V', 'VAC', '4815', ' ', ' ', ' ', 'SEPULVEDA BLVD', 'LOS ANGELES CA', '91403-1912', NULL, NULL, NULL, NULL, '19900425-75', 'N', '100', ' ', ' ', 'STE 1600', 'WILSHIRE BLVD', 'SANTA MONICA CA', '90401-1115', 2015, 464133),
('2264003041', '(active)', 0, 0, '03', '03498', '010C', 'CND', '15245', ' ', ' ', 'NO 102', 'LA MAIDA ST', 'LOS ANGELES CA', '91403-1923', 1, 2, 3, 2026, '20030827-50', 'N', '2601', ' ', ' ', ' ', 'ASCOT DR', 'FAIRFIELD CA', '94533', 2015, 396297),
('2266004002', '(active)', 0, 0, '03', '03172', '0101', 'SFR', '14153', ' ', ' ', ' ', 'GREENLEAF ST', 'LOS ANGELES CA', '91423-4045', 1, 4, 5, 5216, '20101208-50', 'N', '14153', ' ', ' ', ' ', 'GREENLEAF ST', 'SHERMAN OAKS CA', '91423-4045', 2015, 835931),
('2307001001', '(active)', 0, 0, '03', '03133', '0101', 'SFR', '7755', ' ', ' ', ' ', 'WHITSETT AVE', 'LOS ANGELES CA', '91605-2243', 1, 3, 2, 1222, '19960614-50', 'N', '7755', ' ', ' ', ' ', 'WHITSETT AVE', 'NORTH HOLLYWOOD CA', '91605-2243', 2015, 214232),
('2307009007', '(active)  ', 0, 0, '03', '03402', '0200', 'R-I', '12225', ' ', ' ', ' ', 'MILLDALE CT', 'LOS ANGELES CA', '91605-2348', 2, 3, 2, 1663, '20150520-50', 'N', '12225', ' ', ' ', ' ', 'MILLDALE CT', 'NORTH HOLLYWOOD CA', '91605-2348', 2015, 178971),
('2317010022', '(active)', 0, 0, '03', '03490', '050A', 'R-I', '11813', ' ', ' ', ' ', 'RUNNYMEDE ST', 'LOS ANGELES CA', '91605-3218', 60, 66, 60, 45322, '20110629-50', 'N', '11813', ' ', ' ', 'UNIT 62', 'RUNNYMEDE ST', 'NORTH HOLLYWOOD CA', '91605-3230', 2015, 1513230),
('2319007008', '(active)', 0, 0, '03', '03405', '0501', 'R-I', '6734', ' ', ' ', ' ', 'BAKMAN AVE', 'LOS ANGELES CA', '91606-1977', 20, 33, 20, 16772, '20110726-50', 'N', '17219', ' ', ' ', ' ', 'WARRINGTON DR', 'GRANADA HILLS CA', '91344-1904', 2015, 1790886),
('2319011003', '(active)', 0, 0, '03', '03157', '0100', 'SFR', '6753', ' ', ' ', ' ', 'FAIR AVE', 'LOS ANGELES CA', '91606-2004', 1, 3, 1, 1118, '19981119-50', 'N', '6753', ' ', ' ', ' ', 'FAIR AVE', 'NORTH HOLLYWOOD CA', '91606-2004', 2015, 154615),
('2337024001', '(active)', 0, 0, '03', '03158', '0100', 'SFR', '5760', ' ', ' ', ' ', 'ENSIGN AVE', 'LOS ANGELES CA', '91601-1910', 1, 2, 1, 969, '20050414-50', 'N', '5760', ' ', ' ', ' ', 'ENSIGN AVE', 'NORTH HOLLYWOOD CA', '91601-1910', 2015, 33194),
('2340001033', '(active)', 0, 0, '03', '03154', '0100', 'SFR', '5851', ' ', ' ', ' ', 'WILKINSON AVE', 'LOS ANGELES CA', '91607-1133', 1, 3, 2, 1826, '20090521-50', 'N', '5851', ' ', ' ', ' ', 'WILKINSON AVE', 'VALLEY VILLAGE CA', '91607-1133', 2015, 707477),
('2350002018', '(active)', 0, 0, '03', '03406', '0300', 'R-I', '5503', ' ', ' ', 'NO B', 'BECK AVE', 'LOS ANGELES CA', '91601-2614', 3, 6, 3, 2577, '20100528-50', 'N', '5503', ' ', ' ', 'NO A', 'BECK AVE', 'NORTH HOLLYWOOD CA', '91601-2614', 2015, 483309),
('2364001011', '(active)', 0, 0, '03', '03166', '0100', 'SFR', '12050', ' ', ' ', ' ', 'SARAH ST', 'LOS ANGELES CA', '91607-4151', 1, 3, 2, 1771, '19960601-50', 'N', '12050', ' ', ' ', ' ', 'SARAH ST', 'NORTH HOLLYWOOD CA', '91607-4151', 2015, 81553),
('2369001001', '(active)', 0, 0, '03', '03175', '0101', 'SFR', '3935', ' ', ' ', ' ', 'RHODES AVE', 'LOS ANGELES CA', '91604-2405', 1, 3, 2, 1958, '20090724-50', 'N', '23945', ' ', ' ', 'STE 206', 'CALABASAS RD', 'CALABASAS CA', '91302-1555', 2015, 950513),
('2401001008', '(active)', 0, 0, '03', '03176', '590V', 'VAC', '0', ' ', ' ', ' ', ' ', ' ', ' ', NULL, NULL, NULL, NULL, '20140806-50', 'N', '7935', ' ', ' ', ' ', 'BELLAIRE AVE', 'NORTH HOLLYWOOD CA', '91605-2121', 2015, 20000),
('2401036008', '(active)', 0, 0, '03', '03411', '0200', 'R-I', '9210', ' ', ' ', ' ', 'LA TUNA CANYON RD', 'LOS ANGELES CA', '91352-2224', 2, 5, 3, 2392, '19900122-50', 'N', '4278', ' ', ' ', ' ', 'BECK AVE', 'STUDIO CITY CA', '91604-2801', 2015, 89297),
('2401043006', '(active)', 0, 0, '03', '03496', '010C', 'CND', '7773', ' ', ' ', 'NO 1', 'VIA SORRENTO', 'LOS ANGELES CA', '91504-1051', 1, 3, 3, 1602, '20140304-50', 'N', '7773', ' ', ' ', 'UNIT 1', 'VIA SORRENTO', 'BURBANK CA', '91504-1051', 2015, 430430),
('2404009024', '(active)', 20090910, 0, '03', '03499', '010C', 'CND', '8700', ' ', ' ', '100', 'GLENOAKS BLVD', 'SUN VALLEY CA', '91352-2810', 1, 2, 3, 1090, '20110114-50', 'N', '5505', ' ', ' ', ' ', 'CANCHA DE ;LF', 'RANCHO SANTA FE CA', '92091-4440', 2015, 259144),
('2412019020', '(active)', 0, 0, '03', '03183', '0100', 'SFR', '6335', ' ', ' ', ' ', 'CLYBOURN AVE', 'LOS ANGELES CA', '91606-3915', 1, 3, 1, 1123, '20130315-50', 'N', '15305', ' ', ' ', ' ', 'RAYEN ST', 'NORTH HILLS CA', '91343-5117', 2015, 409842),
('2425002020', '(active)', 0, 0, '09', '09433', '0500', 'R-I', '3936', ' ', ' ', ' ', 'KENTUCKY DR', 'LOS ANGELES CA', '90068-1252', 6, 6, 6, 4253, '20140522-50', 'N', '610', ' ', 'E', ' ', 'GLENOAKS BLVD', 'GLENDALE CA', '91207-1712', 2015, 972194),
('2425002030', '(active)', 19901214, 0, '09', '09396', '010C', 'CND', '3944', ' ', ' ', '1', 'KENTUCKY DR', 'LOS ANGELES CA', '90068-1266', 1, 2, 3, 1676, '20040204-50', 'N', '3944', ' ', ' ', '# 1', 'KENTUCKY DR', 'LOS ANGELES CA', '90068-1266', 2015, 251544),
('2425003012', '(active)', 0, 0, '09', '09160', '0100', 'SFR', '3876', ' ', ' ', ' ', 'FREDONIA DR', 'LOS ANGELES CA', '90068-1212', 1, 1, 1, 781, '20130408-50', 'N', '5643', ' ', ' ', ' ', 'WILHELMINA AVE', 'WOODLAND HILLS CA', '91367-4067', 2015, 814565),
('2427001013', '(active)', 0, 0, '09', '09590', '010G', 'SFR', '3437', ' ', ' ', ' ', 'ADINA DR', 'LOS ANGELES CA', '90068-1319', 1, 4, 2, 2346, '20080625-50', 'N', '60', ' ', ' ', ' ', 'FARINA RD', 'NEWTON MA', '02459', 2015, 302000),
('2435005005', '(active)  ', 0, 0, '03', '03414', '0200', 'R-I', '4216', ' ', 'W', ' ', 'VICTORY BLVD', 'BURBANK CA', '91505-1333', 2, 4, 3, 2088, '20150129-50', 'N', '4420', ' ', 'W', ' ', 'VICTORY BLVD', 'BURBANK CA', '91505-1335', 2015, 394473),
('2453013122', '(active)', 20050520, 0, '03', '03182', '0100', 'SFR', '201', ' ', 'E', 'NO   320', 'ANGELENO AVE', 'BURBANK CA', '91502', 1, 2, 2, 890, '20060331-50', 'N', '201', ' ', 'E', '# 320', 'ANGELENO AVE', 'BURBANK CA', '91502-2953', 2015, 375227),
('2470006001', '(active)', 0, 0, '03', '03181', '0100', 'SFR', '1001', ' ', ' ', ' ', 'AMHERST DR', 'BURBANK CA', '91504-3005', 1, 3, 2, 1538, '20131227-50', 'Y', '1001', ' ', ' ', ' ', 'AMHERST DR', 'BURBANK CA', '915043005', 2015, 749684),
('2501002001', '(active)', 0, 0, '03', '03125', '0100', 'SFR', '13443', ' ', ' ', ' ', 'BRADLEY AVE', 'LOS ANGELES CA', '91342-1208', 1, 4, 3, 2535, '20140617-50', 'N', '15650', ' ', ' ', 'UNIT 306', 'DEVONSHIRE ST', 'GRANADA HILLS CA', '91344-7246', 2015, 764985),
('2501002002', '(active)', 0, 0, '03', '03410', '0201', 'R-I', '13413', ' ', ' ', ' ', 'BRADLEY AVE', 'LOS ANGELES CA', '91342-1208', 2, 5, 3, 3503, '20090429-50', 'N', '13413', ' ', ' ', ' ', 'BRADLEY AVE', 'SYLMAR CA', '91342-1208', 2015, 911000),
('2501003061', '(active)  ', 20060410, 0, '03', '03123', '0100', 'SFR', '13470', ' ', ' ', ' ', 'OLD GROVE RD', 'SYLMAR CA', '91342-1476', 1, 4, 4, 3768, '20120322-50', 'Y', '13470', ' ', ' ', ' ', 'OLD GROVE RD', 'SYLMAR CA', '913421476 ', 2015, 605760),
('2501016041', '(active)', 20080213, 0, '03', '03492', '01DC', 'CND', '13551', ' ', ' ', ' ', 'VILLAGE LN', 'SYLMAR CA', '91342-1266', 1, 4, 3, 2094, '20091204-50', 'Y', '13551', ' ', ' ', ' ', 'VILLAGE LN', 'SYLMAR CA', '913421266', 2015, 481852),
('2513001014', '(active)', 0, 0, '03', '03126', '0100', 'SFR', '13768', ' ', ' ', ' ', 'HUBBARD ST', 'LOS ANGELES CA', '91342-4365', 1, 3, 2, 1125, '20070404-50', 'N', '5018', ' ', ' ', ' ', 'NOELLA WAY', 'SAN JOSE CA', '95124-5630', 2015, 53193),
('2524012010', '(active)  ', 0, 0, '03', '03127', '0100', 'SFR', '13029', ' ', ' ', ' ', 'PAXTON ST', 'LOS ANGELES CA', '91331-1158', 1, 3, 1, 1178, '20080804-50', 'N', '13029', ' ', ' ', ' ', 'PAXTON ST', 'PACOIMA CA', '91331-1158', 2015, 25855),
('2526001050', '(active)', 0, 0, '03', '03178', '010V', 'VAC', '0', ' ', ' ', ' ', ' ', ' ', ' ', NULL, NULL, NULL, NULL, '20080617-50', 'N', '11060', ' ', ' ', ' ', 'NORTH TRAIL', 'SYLMAR CA', '91342', 2015, 10927),
('2528010022', '(active)  ', 0, 0, '03', '03134', '4700', 'OTH', '9900', ' ', ' ', ' ', 'GLENOAKS BLVD', 'LOS ANGELES CA', '91352-1018', 1, 0, 0, 21794, '20110404-50', 'N', '30490', ' ', ' ', ' ', 'BRIGGS RD', 'MENIFEE CA', '92584-9594', 2015, 2377189),
('2555001008', '(active)', 0, 0, '03', '03177', '0100', 'SFR', '8701', ' ', ' ', ' ', 'HILLROSE ST', 'LOS ANGELES CA', '91040-2706', 1, 2, 1, 1392, '20051223-50', 'N', '330', ' ', ' ', ' ', 'ELMWOOD DR', 'PASADENA CA', '91105-1327', 2015, 58902),
('2572005027', '(active)', 19900418, 0, '03', '03493', '010C', 'CND', '6255', ' ', ' ', '1', 'HONOLULU AVE', 'LOS ANGELES CA', '91042-3478', 1, 3, 3, 1267, '20040206-50', 'N', '6255', ' ', ' ', '# 1', 'HONOLULU AVE', 'TUJUNGA CA', '91042-3478', 2015, 236575),
('2601001001', '(active)', 0, 0, '02', '02112', '010V', 'VAC', '0', ' ', ' ', ' ', ' ', ' ', ' ', NULL, NULL, NULL, NULL, '20070614-50', 'N', '27041', ' ', ' ', ' ', 'TIMBERLINE TER', 'VALENCIA CA', '91381-0623', 2015, 94753),
('2601005013', '(active)  ', 20150507, 0, 'B1', '24604', '100V', 'VAC', '0', ' ', ' ', ' ', ' ', ' ', ' ', NULL, NULL, NULL, NULL, '19790504-50', 'N', '136', ' ', ' ', ' ', 'EL CAMINO DR', 'BEVERLY HILLS CA', '90212-2705', 2015, NULL),
('2615002001', '(active)', 0, 0, '03', '03124', '0100', 'SFR', '15184', ' ', ' ', ' ', 'BRAND BLVD', 'LOS ANGELES CA', '91345-1536', 1, 2, 2, 1358, '19990610-50', 'N', '15184', ' ', ' ', ' ', 'BRAND BLVD', 'MISSION HILLS CA', '91345-1536', 2015, 200738),
('2629003067', '(active)', 20070622, 0, '03', '03497', '01DC', 'CND', '12748', ' ', ' ', ' ', 'BRANFORD ST', 'PACOIMA CA', '91331-4203', 1, 5, 3, 2532, '20070628-50', 'N', '12748', ' ', ' ', ' ', 'BRANFORD ST', 'LOS ANGELES CA', '91331-4203', 2015, 433000),
('2661002001', '(active)', 0, 0, '02', '02114', '0101', 'SFR', '15700', ' ', ' ', ' ', 'CHATSWORTH ST', 'LOS ANGELES CA', '91344-7211', 1, 4, 2, 1362, '20041201-50', 'N', '15700', ' ', ' ', ' ', 'CHATSWORTH ST', 'GRANADA HILLS CA', '91344-7211', 2015, 191452),
('2690001001', '(active)', 0, 0, '02', '02129', '0101', 'SFR', '17261', ' ', ' ', ' ', 'SUNBURST ST', 'LOS ANGELES CA', '91325-2922', 1, 2, 2, 1657, '20141212-50', 'N', '17261', ' ', ' ', ' ', 'SUNBURST ST', 'SHERWOOD FOREST CA', '91325-2922', 2015, 142437),
('2692001005', '(active)', 0, 0, '02', '02115', '0101', 'SFR', '9810', ' ', ' ', ' ', 'AMESTOY AVE', 'LOS ANGELES CA', '91325-1920', 1, 2, 2, 1845, '19750708-50', 'N', '9810', ' ', ' ', ' ', 'AMESTOY AVE', 'NORTHRIDGE CA', '91325-1920', 2015, 195071),
('2694001022', '(active)', 0, 0, '02', '02113', '0101', 'SFR', '10206', ' ', ' ', ' ', 'GENESTA AVE', 'LOS ANGELES CA', '91325-1627', 1, 4, 3, 2382, '19990414-50', 'N', '10206', ' ', ' ', ' ', 'GENESTA AVE', 'NORTHRIDGE CA', '91325-1627', 2015, 172502),
('2701001024', '(active)', 19900228, 0, '02', '02102', '010V', 'VAC', '0', ' ', ' ', ' ', ' ', ' ', ' ', NULL, NULL, NULL, NULL, '20131205-50', 'N', '4322', ' ', ' ', ' ', 'EILEEN ST', 'SIMI VALLEY CA', '93063-2920', 2015, 9),
('2701054001', '(active)', 20001219, 0, '02', '02105', '010D', 'SFR', '19705', ' ', ' ', ' ', 'TRAMMELL LN', 'LOS ANGELES CA', '91311-1906', 1, 4, 5, 4724, '20110524-50', 'N', '19705', ' ', ' ', ' ', 'TRAMMELL LN', 'CHATSWORTH CA', '91311-1906', 2015, 1018033),
('2715001013', '(active)', 0, 0, '02', '02103', '0100', 'SFR', '11044', ' ', ' ', ' ', 'RESEDA BLVD', 'LOS ANGELES CA', '91326-2806', 1, 3, 2, 1518, '20071126-50', 'N', '11044', ' ', ' ', ' ', 'RESEDA BLVD', 'NORTHRIDGE CA', '91326-2806', 2015, 474000),
('2728020003', '(active)', 19971008, 0, '02', '02111', '0100', 'SFR', '10325', ' ', ' ', ' ', 'EDGEBROOK WAY', 'LOS ANGELES CA', '91326-3954', 1, 4, 3, 3709, '20070320-50', 'N', '10325', ' ', ' ', ' ', 'EDGEBROOK WAY', 'NORTHRIDGE CA', '91326-3954', 2015, 748483),
('2741001009', '(active)', 0, 0, '02', '02118', '0100', 'SFR', '20812', ' ', ' ', ' ', 'DEVONSHIRE ST', 'LOS ANGELES CA', '91311-3215', 1, 3, 2, 1859, '20150115-50', 'N', '8201', ' ', ' ', ' ', 'QUIET HILLS CT', 'WEST HILLS CA', '91304-3024', 2015, 153751),
('2769001004', '(active)', 0, 0, '02', '02127', '0100', 'SFR', '18419', ' ', ' ', ' ', 'SUNBURST ST', 'LOS ANGELES CA', '91325-2718', 1, 3, 2, 1570, '20110728-50', 'N', '18419', ' ', ' ', ' ', 'SUNBURST ST', 'NORTHRIDGE CA', '91325-2718', 2015, 285055),
('2779005022', '(active)', 0, 0, '02', '02123', '0100', 'SFR', '20947', ' ', ' ', ' ', 'CHASE ST', 'LOS ANGELES CA', '91304-2739', 1, 3, 2, 2408, '20140916-50', 'N', '20947', ' ', ' ', ' ', 'CHASE ST', 'CANOGA PARK CA', '91304-2739', 2015, 568000),
('2780003002', '(active)', 0, 0, '02', '02125', '0100', 'SFR', '20810', ' ', ' ', ' ', 'PARTHENIA ST', 'LOS ANGELES CA', '91306-1241', 1, 3, 2, 1292, '20080708-50', 'N', '20810', ' ', ' ', ' ', 'PARTHENIA ST', 'CANOGA PARK CA', '91306-1241', 2015, 184238),
('2801001013', '(active)', 0, 0, 'B1', '01199', '090L', 'R-I', '0', ' ', ' ', ' ', ' ', ' ', ' ', NULL, NULL, NULL, NULL, '20010628-50', 'N', '9265', ' ', ' ', ' ', 'GLENOAKS BLVD', 'SUN VALLEY CA', '91352-2614', 2015, 40409),
('2801001027', '(active)', 0, 0, 'B1', '01145', '010V', 'VAC', '0', ' ', ' ', ' ', ' ', ' ', ' ', NULL, NULL, NULL, NULL, '20070622-50', 'N', '15505', ' ', ' ', ' ', 'ROSCOE BLVD', 'NORTH HILLS CA', '91343-6503', 2015, 26498),
('2801008029', '(active)', 0, 0, 'B1', '01402', '0201', 'R-I', '27701', ' ', ' ', ' ', 'PINE HILLS AVE', 'SANTA CLARITA CA', '91351-1038', 2, 5, 3, 2674, '20090622-50', 'Y', '27701', ' ', ' ', ' ', 'PINE HILLS AVE', 'SANTA CLARITA CA', '913511038', 2015, 400034),
('2801020900', '(active)  ', 0, 0, 'B1', '01901', '8800', 'OTH', '0', ' ', ' ', ' ', ' ', ' ', ' ', NULL, NULL, NULL, NULL, '19640630-50', 'Y', '0', ' ', ' ', ' ', ' ', ' ', '000000000 ', 2015, NULL),
('2802004053', '(active)', 0, 0, 'B1', '01499', '010C', 'CND', '17847', ' ', ' ', 'NO 1', 'BENEDA LN', 'SANTA CLARITA CA', '91351-4322', 1, 3, 2, 988, '20110215-50', 'N', '31928', ' ', ' ', ' ', 'CINNABAR LN', 'CASTAIC CA', '91384-3184', 2015, 154863),
('2802013042', '(active)', 19930513, 0, 'B1', '01145', '0100', 'SFR', '18944', ' ', ' ', ' ', 'NADAL ST', 'SANTA CLARITA CA', '91351-2955', 1, 4, 2, 1420, '20060306-50', 'N', '18944', ' ', ' ', ' ', 'NADAL ST', 'CANYON COUNTRY CA', '91351-2955', 2015, 388700),
('2803040047', '(active)', 19990921, 0, 'B1', '01145', '010D', 'SFR', '27703', ' ', ' ', ' ', 'ZEUS LN', 'SANTA CLARITA CA', '91351-3409', 1, 3, 3, 2063, '20050121-50', 'N', '27703', ' ', ' ', ' ', 'ZEUS LN', 'CANYON COUNTRY CA', '91351-3409', 2015, 429000),
('2807001001', '(active)', 0, 0, 'B1', '01139', '0100', 'SFR', '27656', ' ', ' ', ' ', 'SECO CANYON RD', 'SANTA CLARITA CA', '91350-1329', 1, 3, 2, 1230, '20110304-50', 'Y', '27656', ' ', ' ', ' ', 'SECO CANYON RD', 'SANTA CLARITA CA', '913501329', 2015, 261191),
('2810001035', '(active)  ', 20000915, 0, 'B1', '01143', '540V', 'VAC', '0', ' ', ' ', ' ', ' ', ' ', ' ', NULL, NULL, NULL, NULL, '19981217-50', 'N', '3600', ' ', ' ', 'STE 220', 'BIRCH ST', 'NEWPORT BEACH CA', '92660-2623', 2015, 122),
('2810055213', '(active)  ', 19981117, 0, 'B1', '01143', '010D', 'SFR', '23315', ' ', ' ', ' ', 'ANACAPA LN', 'VALENCIA CA', '91354-4911', 1, 3, 3, 1401, '20080314-75', 'N', '4271', ' ', ' ', ' ', 'VAN NUYS BLVD', 'SHERMAN OAKS CA', '91403-3720', 2015, 448090),
('2810062046', '(active)  ', 19991222, 0, 'B1', '01143', '0100', 'SFR', '24224', ' ', ' ', ' ', 'EDELWEISS CT', 'VALENCIA CA', '91354-4920', 1, 4, 3, 2883, '20091112-50', 'Y', '24224', ' ', ' ', ' ', 'EDELWEISS CT', 'VALENCIA CA', '913544920 ', 2015, 572000),
('2810082012', '(active)', 20030909, 0, 'B1', '01143', '0100', 'SFR', '27917', ' ', ' ', ' ', 'MARIPOSA ST', 'VALENCIA CA', '91355-6035', 1, 3, 3, 2370, '20071105-50', 'N', '25381', ' ', ' ', ' ', 'OAKVIEW ESTATES DR', 'VALENCIA CA', '91381-2317', 2015, 587000),
('2810113050', '(active)', 20061115, 0, 'B1', '01143', '0100', 'SFR', '24554', ' ', ' ', ' ', 'ROSETTE LN', 'SANTA CLARITA CA', '91354-3035', 1, 5, 3, 3363, '20140508-50', 'N', '24554', ' ', ' ', ' ', 'ROSETTE LN', 'VALENCIA CA', '91354-3035', 2015, 681244),
('2811013014', '(active)', 0, 0, 'B1', '01143', '0101', 'SFR', '23128', ' ', ' ', ' ', 'CERCA DR', 'SANTA CLARITA CA', '91354-2305', 1, 5, 3, 2162, '20041027-50', 'N', '23128', ' ', ' ', ' ', 'CERCA DR', 'VALENCIA CA', '91354-2305', 2015, 482000),
('2811054072', '(active)', 19980128, 0, 'B1', '01143', '010D', 'SFR', '27192', ' ', ' ', ' ', 'MANOR CIR', 'SANTA CLARITA CA', '91354-2693', 1, 3, 3, 1416, '20050323-50', 'N', '31853', ' ', ' ', ' ', 'SAINT ANNE DR', 'LLANO CA', '93544-1208', 2015, 429900),
('2812020016', '(active)', 0, 0, 'B1', '01139', '0100', 'SFR', '20617', ' ', ' ', ' ', 'ALAMINOS DR', 'SANTA CLARITA CA', '91350-1207', 1, 3, 2, 1526, '20060731-75', 'N', '20617', ' ', ' ', ' ', 'ALAMINOS DR', 'SAUGUS CA', '91350-1207', 2015, 414000),
('2812063003', '(active)', 19990114, 0, 'B1', '01139', '0100', 'SFR', '28521', ' ', ' ', ' ', 'SANTA CATARINA RD', 'SANTA CLARITA CA', '91350-3867', 1, 3, 3, 1976, '20130909-50', 'N', '27487', ' ', ' ', ' ', 'DIANE MARIE CIR', 'SANTA CLARITA CA', '91350-1733', 2015, 472011),
('2813003002', '(active)  ', 0, 0, 'B1', '01146', '580V', 'VAC', '0', ' ', ' ', ' ', ' ', ' ', ' ', NULL, NULL, NULL, NULL, '20130802-50', 'N', '0', ' ', ' ', ' ', 'PO BOX 220597', 'NEWHALL CA', '91322-0597', 2015, 1058817),
('2825001027', '(active)', 0, 0, 'B1', '01142', '010V', 'VAC', '0', ' ', ' ', ' ', ' ', ' ', ' ', NULL, NULL, NULL, NULL, '20110816-50', 'N', '0', ' ', ' ', ' ', 'PO BOX 6548', 'BURBANK CA', '91510-6548', 2015, 179),
('2825010063', '(active)', 19891129, 0, 'B1', '01142', '0101', 'SFR', '24618', ' ', ' ', ' ', 'BRITTANY LN', 'SANTA CLARITA CA', '91321-3748', 1, 4, 4, 3196, '20130429-50', 'N', '24618', ' ', ' ', ' ', 'BRITTANY LN', 'NEWHALL CA', '91321-3748', 2015, 670328),
('2826001034', '(active)  ', 20001229, 0, 'B1', '01140', '580V', 'VAC', '0', ' ', ' ', ' ', ' ', ' ', ' ', NULL, NULL, NULL, NULL, '20090731-50', 'N', '25124', ' ', ' ', 'STE 300', 'SPRINGFIELD CT', 'VALENCIA CA', '91355-1088', 2015, 1241578),
('2826069103', '(active)', 19920228, 0, 'B1', '01499', '010C', 'CND', '25542', ' ', ' ', 'A', 'HEMINGWAY AVE', 'STEVENSON RANCH CA', '91381-1551', 1, 3, 3, 1667, '20040823-50', 'N', '25542', ' ', ' ', 'UNIT A', 'HEMINGWAY AVE', 'STEVENSON RANCH CA', '91381-1551', 2015, 371000),
('2826078021', '(active)', 19950222, 0, 'B1', '01140', '0101', 'SFR', '26172', ' ', ' ', ' ', 'TWAIN PL', 'STEVENSON RANCH CA', '91381-1116', 1, 5, 3, 4331, '20121009-50', 'Y', '26172', ' ', ' ', ' ', 'TWAIN PL', 'STEVENSON RANCH CA', '913811116', 2015, 1123077),
('2826082014', '(active)', 19950222, 0, 'B1', '01140', '0100', 'SFR', '26140', ' ', ' ', ' ', 'OHARA LN', 'STEVENSON RANCH CA', '91381-1120', 1, 5, 3, 2611, '20150323-50', 'Y', '26140', ' ', ' ', ' ', 'OHARA LN', 'STEVENSON RANCH CA', '913811120', 2015, 695600),
('2826148003', '(active)', 20020515, 0, 'B1', '01140', '0101', 'SFR', '25569', ' ', ' ', ' ', 'OAK SAVANNAH CT', 'VALENCIA CA', '91381-0767', 1, 5, 6, 6077, '20140430-50', 'Y', '25569', ' ', ' ', ' ', 'OAK SAVANNAH CT', 'VALENCIA CA', '913810767', 2015, 2503000),
('2826149008', '(active)', 20020515, 0, 'B1', '01140', '0101', 'SFR', '25660', ' ', ' ', ' ', 'OAK MEADOW DR', 'VALENCIA CA', '91381-0762', 1, 4, 6, 6337, '20120221-50', 'Y', '25660', ' ', ' ', ' ', 'OAK MEADOW DR', 'VALENCIA CA', '913810762', 2015, 2185451),
('2826161244', '(active)', 20040224, 0, 'B1', '01499', '010C', 'CND', '26986', ' ', ' ', ' ', 'PEBBLE BEACH DR', 'VALENCIA CA', '91381-0667', 1, 2, 2, 1575, '20140423-50', 'N', '25381', ' ', ' ', ' ', 'OAKVIEW ESTATES DR', 'VALENCIA CA', '91381-2317', 2015, 393000),
('2827036011', '(active)', 20020613, 0, 'B1', '01142', '010V', 'VAC', '0', ' ', ' ', ' ', ' ', ' ', ' ', NULL, NULL, NULL, NULL, '20100316-50', 'N', '49', ' ', ' ', ' ', 'COUNTRY LN', 'PALOS VERDES PNSLA CA', '90274', 2015, 10000),
('2827036014', '(active)', 20020613, 0, 'B1', '01142', '010V', 'VAC', '0', ' ', ' ', ' ', ' ', ' ', ' ', NULL, NULL, NULL, NULL, '20100316-50', 'N', '49', ' ', ' ', ' ', 'COUNTRY LN', 'PALOS VERDES PNSLA CA', '90274', 2015, 215000),
('2829007015', '(active)', 0, 0, 'B1', '01142', '0100', 'SFR', '25224', ' ', ' ', ' ', 'WHEELER RD', 'SANTA CLARITA CA', '91321-2438', 1, 2, 2, 899, '20070810-50', 'Y', '25224', ' ', ' ', ' ', 'WHEELER RD', 'SANTA CLARITA CA', '913212438', 2015, 346000);
INSERT INTO `ParcelDataRepository` (`AIN`, `ParcelStatus`, `ParcelCreateDate`, `ParcelDeleteDate`, `Region`, `Cluster`, `UseCode`, `UseType`, `SitusHouseNo`, `SitusFraction`, `SitusDirection`, `SitusUnit`, `SitusStreet`, `SitusCity`, `SitusZIP`, `Units`, `Bedrooms`, `Bathrooms`, `SQFTmain`, `pdbRecDate`, `isMailCopySitus`, `MailHouseNo`, `MailFraction`, `MailDirection`, `MailUnit`, `MailStreet`, `MailCity`, `MailZip`, `RollYYYY`, `RollLandImpValue`) VALUES
('2829030063', '(active)', 19910724, 0, 'B1', '01142', '010V', 'VAC', '0', ' ', ' ', ' ', ' ', ' ', ' ', NULL, NULL, NULL, NULL, '20060606-50', 'N', '772', ' ', ' ', ' ', 'CROCKER ST', 'LOS ANGELES CA', '90021-1425', 2015, 25000),
('2829030064', '(active)', 19910724, 0, 'B1', '01142', '010V', 'VAC', '0', ' ', ' ', ' ', ' ', ' ', ' ', NULL, NULL, NULL, NULL, '20060606-50', 'N', '772', ' ', ' ', ' ', 'CROCKER ST', 'LOS ANGELES CA', '90021-1425', 2015, 25000),
('2833010012', '(active)', 0, 0, 'B1', '01142', '0100', 'SFR', '21083', ' ', ' ', ' ', 'PLACERITA CANYON RD', 'SANTA CLARITA CA', '91321-1924', 1, 4, 4, 4460, '20100120-50', 'N', '21083', ' ', ' ', ' ', 'PLACERITA CANYON RD', 'NEWHALL CA', '91321-1924', 2015, 635768),
('2836001032', '(active)  ', 0, 0, 'B1', '01149', '580V', 'VAC', '0', ' ', ' ', ' ', ' ', ' ', ' ', NULL, NULL, NULL, NULL, '19860430-50', 'N', '270', ' ', 'N', 'PH', 'CANON DR', 'BEVERLY HILLS CA', '90210-5312', 2015, 100),
('2837034126', '(active)', 19880815, 0, 'B1', '01145', '010D', 'SFR', '15652', ' ', ' ', ' ', 'LUCILLE CT', 'SANTA CLARITA CA', '91387-4438', 1, 3, 2, 1198, '20090106-50', 'N', '15652', ' ', ' ', ' ', 'LUCILLE CT', 'CANYON COUNTRY CA', '91387-4438', 2015, 329368),
('2840001104', '(active)', 0, 0, 'B1', '01147', '580V', 'VAC', '0', ' ', ' ', ' ', ' ', ' ', ' ', NULL, NULL, NULL, NULL, '20040825-50', 'N', '1200', ' ', 'S', '# 205B', 'COAST HIGHWAY', 'LAGUNA BEACH CA', '92651', 2015, 17740),
('2840011001', '(active)', 0, 0, 'B1', '01147', '0101', 'SFR', '16498', ' ', ' ', ' ', 'ROAD RUNNER RD', 'CANYON COUNTRY CA', '91387-3200', 1, 5, 5, 4634, '20090407-50', 'Y', '16498', ' ', ' ', ' ', 'ROAD RUNNER RD', 'CANYON COUNTRY CA', '913873200', 2015, 767280),
('2844028166', '(active)', 0, 0, 'B1', '01499', '010C', 'CND', '18143', ' ', ' ', 'UNIT 954', 'SUNDOWNER WAY', 'SANTA CLARITA CA', '91387-5443', 1, 2, 2, 964, '20060922-50', 'Y', '18143', ' ', ' ', 'UNIT 954', 'SUNDOWNER WAY', 'SANTA CLARITA CA', '913875443', 2015, 198103),
('2845003032', '(active)  ', 20140409, 0, 'B1', '01168', '8800', 'OTH', '0', ' ', ' ', ' ', ' ', ' ', ' ', NULL, NULL, NULL, NULL, '20140409-50', 'N', '13770', ' ', ' ', ' ', 'PURPLE RIDGE RD', 'SYLMAR CA', '91342-5652', 2015, 62579),
('2851001002', '(active)', 0, 0, 'B1', '01141', '010V', 'VAC', '0', ' ', ' ', ' ', ' ', ' ', ' ', NULL, NULL, NULL, NULL, '20070228-50', 'N', '28460', ' ', ' ', ' ', 'AVENUE STANFORD', 'VALENCIA CA', '91355', 2015, 10),
('2854023028', '(active)', 0, 0, 'B1', '01145', '0100', 'SFR', '14645', ' ', ' ', ' ', 'CAMELIA HILL WAY', 'SANTA CLARITA CA', '91387-1901', 1, 4, 2, 1362, '20030403-50', 'N', '14645', ' ', ' ', ' ', 'CAMELIA HILL WAY', 'CANYON COUNTRY CA', '91387-1901', 2015, 385617),
('2865002004', '(active)', 0, 0, 'B1', '01144', '0100', 'SFR', '32266', ' ', ' ', ' ', 'CASTAIC RD', 'CASTAIC CA', '91384-3917', 1, 1, 1, 272, '20110126-50', 'N', '0', ' ', ' ', ' ', 'PO BOX 308', 'CASTAIC CA', '91310-0308', 2015, 11582),
('3001001029', '(active)', 0, 0, 'A1', '01127', '0100', 'SFR', '40780', ' ', ' ', ' ', ';DDE HILL RD', 'PALMDALE CA', '93551-1141', 1, 3, 2, 1748, '19790823-50', 'Y', '40780', ' ', ' ', ' ', ';DDE HILL RD', 'PALMDALE CA', '935511141', 2015, 276584),
('3001001904', '(active)  ', 0, 0, 'A1', '01900', '8800', 'OTH', '0', ' ', ' ', ' ', ' ', ' ', ' ', NULL, NULL, NULL, NULL, '19670926-50', 'Y', '0', ' ', ' ', ' ', ' ', ' ', '000000000 ', 2015, NULL),
('3001002031', '(active)', 0, 0, 'A1', '01031', '580V', 'VAC', '0', ' ', ' ', ' ', 'VAC/HACIENDA RCH/VIC ;DDE HILL', 'ANAVERDE CA', '91350', NULL, NULL, NULL, NULL, '19971027-50', 'N', '5600', ' ', ' ', ' ', 'HACIENDA RANCH RD', 'PALMDALE CA', '93551-1157', 2015, 183500),
('3001005001', '(active)', 0, 0, 'A1', '01050', '0700', 'SFR', '41153', ' ', ' ', ' ', '40TH ST W', 'QUARTZ HILL CA', '93551-1248', 1, 2, 2, 1440, '20090723-75', 'N', '41153', ' ', ' ', ' ', '40TH ST W', 'PALMDALE CA', '93551', 2015, 155800),
('3001008006', '(active)  ', 0, 0, 'A1', '01401', '0201', 'R-I', '3715', ' ', 'W', ' ', 'AVENUE N3', 'PALMDALE CA', '93551-1812', 2, 4, 4, 3285, '20050214-50', 'Y', '3715', ' ', 'W', ' ', 'AVENUE N3', 'PALMDALE CA', '935511812 ', 2015, 440039),
('3001010001', '(active)', 0, 0, 'A1', '01125', '0100', 'SFR', '3204', ' ', 'W', ' ', 'AVENUE   N', 'PALMDALE CA', '93551-1273', 1, 3, 2, 1745, '20020225-50', 'Y', '3204', ' ', 'W', ' ', 'AVENUE   N', 'PALMDALE CA', '935511273', 2015, 93682),
('3001090900', '(active)  ', 19891002, 0, 'A1', '01198', '0901', 'R-I', '0', ' ', ' ', ' ', ' ', ' ', ' ', NULL, NULL, NULL, NULL, '19891002-50', 'Y', '0', ' ', ' ', ' ', ' ', ' ', '000000000 ', 2015, NULL),
('3001097016', '(active)', 19910930, 0, '28', '28619', '1500', 'C/I', '3045', ' ', ' ', ' ', 'RANCHO VISTA BLVD', 'PALMDALE CA', '93551-3582', 0, 0, 0, 15894, '20150430-50', 'N', '9157', ' ', ' ', ' ', 'NORTHSIDE DR', 'LEONA VALLEY CA', '93551-7122', 2015, 1682202),
('3001149006', '(active)', 20071031, 0, 'A1', '01498', '010V', 'VAC', '0', ' ', ' ', ' ', ' ', ' ', ' ', NULL, NULL, NULL, NULL, '20140602-50', 'N', '212', ' ', 'S', 'STE 200', 'PALM AVE', 'ALHAMBRA CA', '91801-3105', 2015, 10),
('3003002073', '(active)  ', 19900921, 0, 'A1', '01130', '580V', 'VAC', '0', ' ', ' ', ' ', 'VAC/AVE P8/VIC CARRIAGE WAY', 'PALMDALE CA', '93551', NULL, NULL, NULL, NULL, '20030509-50', 'N', '5841', ' ', ' ', ' ', 'LANKERSHIM BLVD', 'NORTH HOLLYWOOD CA', '91601-1035', 2015, 261000),
('3006003027', '(active)  ', 19890729, 0, 'A1', '01107', '010V', 'VAC', '0', ' ', ' ', ' ', 'VAC/DIVISION ST/AVE O8', 'PALMDALE CA', '93550', NULL, NULL, NULL, NULL, '19981210-50', 'N', '212', ' ', 'S', 'STE 2FLR', 'PALM AVE', 'ALHAMBRA CA', '91801-3105', 2015, 393929),
('3008001001', '(active)', 0, 0, 'A1', '01110', '0100', 'SFR', '38752', ' ', ' ', ' ', 'DIVISION ST', 'PALMDALE CA', '93550-3623', 1, 3, 2, 1566, '20020125-50', 'Y', '38752', ' ', ' ', ' ', 'DIVISION ST', 'PALMDALE CA', '935503623', 2015, 119342),
('3015003005', '(active)', 0, 0, 'A1', '01809', '010V', 'VAC', '0', ' ', ' ', ' ', 'VAC/10TH PL EAST/VIC PALMDALE BL', 'PALMDALE CA', '93550', NULL, NULL, NULL, NULL, '20120912-50', 'N', '44469', ' ', ' ', ' ', '10TH ST W', 'LANCASTER CA', '93534-3324', 2015, 20441),
('3023001006', '(active)  ', 0, 0, 'A1', '01114', '500V', 'VAC', '0', ' ', ' ', ' ', 'VAC/COR PALMDALE BLVD/55TH STE', 'PALMDALE CA', '93550', NULL, NULL, NULL, NULL, '20060517-50', 'N', '120', ' ', 'S', ' ', 'RAYMOND AVE', 'PASADENA CA', '91105-2013', 2015, 387525),
('3027001024', '(active)', 0, 0, 'A1', '01113', '580V', 'VAC', '0', ' ', ' ', ' ', 'VAC/100TH STE/VIC AVE Q4', 'SUN VILLAGE CA', '93543', NULL, NULL, NULL, NULL, '20141105-50', 'N', '0', ' ', ' ', ' ', 'PO BOX 173859', 'DENVER CO', '80217-3859', 2015, 146589),
('3028008002', '(active)', 0, 0, 'A1', '01012', '580V', 'VAC', '0', ' ', ' ', ' ', 'VAC/COR AVE P(DRT)/110 STE(PAV)', 'ALPINE BUTTE CA', '93591', NULL, NULL, NULL, NULL, '20100525-50', 'N', '1900', ' ', ' ', 'STE 960', 'AVENUE OF THE STARS', 'LOS ANGELES CA', '90067-4310', 2015, 378086),
('3029001081', '(active)', 0, 0, 'A1', '01118', '010V', 'VAC', '0', ' ', ' ', ' ', 'VAC/COR 160TH STE/AVE O', 'LAKE LOS ANGELES CA', '93535', NULL, NULL, NULL, NULL, '19921118-50', 'N', '47', ' ', ' ', ' ', 'TIMBERHILL CT', 'PACIFICA CA', '94044-1681', 2015, 28839),
('3029016002', '(active)', 0, 0, 'A1', '01010', '580V', 'VAC', '0', ' ', ' ', ' ', 'VAC/COR AVE R(DRT)/150 STE(DRT)', 'BLACK BUTTE CA', '93591', NULL, NULL, NULL, NULL, '20090421-50', 'N', '12791', ' ', ' ', ' ', 'ELIZABETH WAY', 'TUSTIN CA', '92780-2810', 2015, 108954),
('3033015097', '(active)', 0, 0, 'A1', '01016', '010V', 'VAC', '0', ' ', ' ', ' ', 'VAC/VIC PEARBLOSSOM HWY/233 STE', 'BLACK BUTTE CA', '93544', NULL, NULL, NULL, NULL, '20140730-50', 'N', '3251', ' ', ' ', ' ', 'STEINER ST', 'SAN FRANCISCO CA', '94123-3362', 2015, 10),
('3036001015', '(active)', 0, 0, 'A1', '01017', '580V', 'VAC', '0', ' ', ' ', ' ', 'VAC/VIC AVE W/150 STE', 'PEARBLOSSOM CA', '93553', NULL, NULL, NULL, NULL, '19970714-50', 'N', '42220', ' ', ' ', 'STE 101', '10TH ST W', 'LANCASTER CA', '93534-7075', 2015, 106276),
('3044006085', '(active)  ', 20000316, 0, 'A1', '01116', '4100', 'OTH', '36850', ' ', ' ', ' ', '92ND ST E', 'LITTLEROCK CA', '93543-1815', 1, 4, 4, 3420, '20150311-50', 'N', '2136', ' ', ' ', 'APT 3', 'WAIOLA ST', 'HONOLULU HI', '96826-2881', 2015, 224395),
('3047003003', '(active)  ', 0, 0, 'A1', '01119', '0100', 'SFR', '11358', ' ', 'E', ' ', 'AVENUE V8', 'LITTLEROCK CA', '93543-3800', 1, 3, 3, 1944, '19831205-50', 'N', '0', ' ', ' ', ' ', 'PO BOX 792', 'PEARBLOSSOM CA', '93553-0792', 2015, 203191),
('3052066050', '(active)', 19890623, 0, 'A1', '01119', '0100', 'SFR', '36543', ' ', ' ', ' ', 'COPPER LN', 'PALMDALE CA', '93550-8357', 1, 3, 2, 1581, '20080926-50', 'Y', '36543', ' ', ' ', ' ', 'COPPER LN', 'PALMDALE CA', '935508357', 2015, 171432),
('3052079046', '(active)', 19911223, 0, 'A1', '01119', '0100', 'SFR', '36432', ' ', ' ', ' ', 'SINALOA ST', 'PALMDALE CA', '93552-5826', 1, 3, 2, 1788, '20021217-50', 'Y', '36432', ' ', ' ', ' ', 'SINALOA ST', 'PALMDALE CA', '935525826', 2015, 214012),
('3056001014', '(active)', 0, 0, 'A1', '01033', '580V', 'VAC', '0', ' ', ' ', ' ', 'VAC/VIC ORACLE HILLS/DUSTY TRL', 'ACTON CA', '91350', NULL, NULL, NULL, NULL, '19920421-50', 'N', '1934', ' ', ' ', ' ', 'DAVID DR', 'ESCONDIDO CA', '92026-1621', 2015, 9357),
('3058001003', '(active)', 0, 0, 'A1', '01036', '580V', 'VAC', '0', ' ', ' ', ' ', 'VAC/2-/2 MI S ALISO CYN/VIC AF', 'MOUNT GLEASON CA', '93510', NULL, NULL, NULL, NULL, '20060504-50', 'N', '27562', ' ', ' ', ' ', 'OAK SPRING CANYON RD', 'CANYON COUNTRY CA', '91387-2122', 2015, 13687),
('3059003300', '(active)  ', 0, 0, 'A1', '01018', '  0V', 'OTH', '0', ' ', ' ', ' ', ' ', ' ', ' ', NULL, NULL, NULL, NULL, '19680000-50', 'Y', '0', ' ', ' ', ' ', ' ', ' ', '000000000 ', 2015, NULL),
('3102027046', '(active)', 20120612, 0, 'A1', '01606', '100V', 'VAC', '0', ' ', ' ', ' ', 'VAC/60TH STW/VIC AVE L8', 'LANCASTER CA', '93536', NULL, NULL, NULL, NULL, '20091105-50', 'N', '42220', ' ', ' ', 'STE 101', '10TH ST W', 'LANCASTER CA', '93534', 2015, 26115),
('3105001007', '(active)', 0, 0, 'A1', '01806', '300V', 'VAC', '0', ' ', ' ', ' ', 'VAC/40TH STW/VIC AVE F15', 'LANCASTER CA', '93536', NULL, NULL, NULL, NULL, '19670245-50', 'N', '2301', ' ', ' ', ' ', 'DUXBURY CIR', 'LOS ANGELES CA', '90034-1017', 2015, 33637),
('3105003001', '(active)', 0, 0, 'A1', '01021', '580V', 'VAC', '0', ' ', ' ', ' ', 'VAC/COR AVE G8/40 STW', 'CALICHE CA', '93536', NULL, NULL, NULL, NULL, '19990219-50', 'N', '0', ' ', ' ', ' ', 'PO BOX 303', 'WARFIELD KY', '41267-0303', 2015, 20862),
('3105009004', '(active)', 0, 0, 'A1', '01120', '010V', 'VAC', '0', ' ', ' ', ' ', 'VAC/48TH STW/VIC AVE H2', 'LANCASTER CA', '93536', NULL, NULL, NULL, NULL, '20010327-50', 'N', '0', ' ', ' ', ' ', 'PO BOX 731417', 'SAN JOSE CA', '95173', 2015, 27576),
('3109018020', '(active)', 0, 0, 'A1', '01122', '0100', 'SFR', '2763', ' ', ' ', ' ', 'SUNNYVALE RD', 'LANCASTER CA', '93536-4013', 1, 3, 2, 1538, '20050913-50', 'Y', '2763', ' ', ' ', ' ', 'SUNNYVALE RD', 'LANCASTER CA', '935364013', 2015, 197000),
('3134003035', '(active)', 20130524, 0, 'A1', '01105', '0100', 'SFR', '559', ' ', ' ', ' ', 'JACKMAN ST', 'LANCASTER CA', '93534-2530', 1, 3, 2, 1410, '20130524-50', 'N', '559', ' ', 'W', ' ', 'JACKMAN ST', 'LANCASTER CA', '93534-2530', 2015, 138320),
('3137001006', '(active)', 0, 0, 'A1', '01004', '010V', 'VAC', '0', ' ', ' ', ' ', 'VAC/COR AVE F4/5 STW', 'ROOSEVELT CA', '93535', NULL, NULL, NULL, NULL, '19891002-50', 'N', '0', ' ', ' ', ' ', 'PO BOX 62', 'LORTON VA', '22199-0062', 2015, 18300),
('3140040031', '(active)  ', 19900102, 0, 'A1', '01107', '0100', 'SFR', '443', ' ', ' ', ' ', 'SUNBURST AVE', 'LANCASTER CA', '93535-4081', 1, 4, 2, 1421, '20110104-50', 'N', '2859', ' ', ' ', ' ', 'DIAMOND DR', 'CAMARILLO CA', '93010-7485', 2015, 160000),
('3140040047', '(active)  ', 19900102, 0, 'A1', '01107', '0100', 'SFR', '422', ' ', ' ', ' ', 'CORONA CT', 'LANCASTER CA', '93535-4085', 1, 4, 2, 1421, '20110104-50', 'N', '2859', ' ', ' ', ' ', 'DIAMOND DR', 'CAMARILLO CA', '93010-7485', 2015, 160000),
('3141021046', '(active)  ', 0, 0, 'A1', '01107', '0100', 'SFR', '44019', ' ', ' ', ' ', '4TH ST E', 'LANCASTER CA', '93535-3612', 1, 3, 2, 1341, '19840828-50', 'N', '4441', ' ', 'E', ' ', 'EMBERWOOD LN', 'ANAHEIM CA', '92807-3501', 2015, 133100),
('3145001001', '(active)', 0, 0, 'A1', '01003', '580V', 'VAC', '0', ' ', ' ', ' ', 'VAC/10 STW/VIC AVE A8', 'REDMAN CA', '93535', NULL, NULL, NULL, NULL, '20120521-50', 'N', '1460', ' ', ' ', 'STE 206', '7TH ST', 'SANTA MONICA CA', '90401-2631', 2015, 54707),
('3162003011', '(active)', 0, 0, 'A1', '01002', '580V', 'VAC', '0', ' ', ' ', ' ', 'VAC/VIC AVE J8/197 STE', 'BUTTE VALLEY CA', '93535', NULL, NULL, NULL, NULL, '19801203-50', 'N', '15126', ' ', 'S', ' ', 'KOSTNER AVE', 'MIDLOTHIAN IL', '60445-3258', 2015, 7225),
('3203001006', '(active)', 0, 0, 'A1', '01026', '400V', 'VAC', '0', ' ', ' ', ' ', 'VAC/COR/90 STW AVE I-8', 'LANCASTER CA', '93536', NULL, NULL, NULL, NULL, '20050613-50', 'N', '1000', ' ', ' ', ' ', 'DOVE ST', 'NEWPORT BEACH CA', '92660-2809', 2015, 109000),
('3205002096', '(active)  ', 20010214, 0, 'A1', '01134', '4100', 'OTH', '6989', ' ', ' ', ' ', 'ELIZABETH LAKE RD', 'LEONA VALLEY CA', '93551', 1, 0, 0, 5000, '20110603-50', 'N', '7101', ' ', 'W', ' ', 'AVENUE L9', 'LANCASTER CA', '93534     ', 2015, 262339),
('3210001001', '(active)', 0, 0, 'B1', '01150', '580V', 'VAC', '0', ' ', ' ', ' ', 'VAC/AV FRWY/1/3 MI E AGUA DULCE', 'AGUA DULCE CA', '91350', NULL, NULL, NULL, NULL, '20071206-50', 'N', '7708', ' ', ' ', ' ', 'VAN NOORD AVE', 'NORTH HOLLYWOOD CA', '91605-1932', 2015, 7500),
('3211001027', '(active)', 0, 0, 'A1', '01038', '580V', 'VAC', '0', ' ', ' ', ' ', 'VAC/VIC SKIFF RD/WILD COUNTRY WY', 'AGUA DULCE CA', '91350', NULL, NULL, NULL, NULL, '19700410-50', 'N', '4201', ' ', ' ', ' ', 'DON ORTEGA PL', 'LOS ANGELES CA', '90008-4234', 2015, 18945),
('3219001007', '(active)', 0, 0, 'A1', '01023', '450V', 'VAC', '0', ' ', ' ', ' ', 'VAC/COR AVE G/92 STW', 'ANTELOPE ACRES CA', '93536', NULL, NULL, NULL, NULL, '20140123-50', 'N', '245', ' ', 'W', ' ', 'MARQUITA', 'SAN CLEMENTE CA', '92672-5151', 2015, 60414),
('3224004001', '(active)', 0, 0, 'A1', '01133', '0100', 'SFR', '14781', ' ', ' ', ' ', 'ELIZABETH LAKE RD', 'PALMDALE CA', '93532-1220', 1, 2, 1, 904, '19780207-50', 'N', '14781', ' ', ' ', ' ', 'ELIZABETH LAKE RD', 'LAKE HUGHES CA', '93532-1220', 2015, 62425),
('3227001005', '(active)', 0, 0, 'A1', '01137', '0100', 'SFR', '39919', ' ', ' ', ' ', 'SAN FRANCISQUITO CANYON RD', 'SAUGUS CA', '91390-1095', 1, 4, 3, 2516, '20140716-50', 'N', '39919', ' ', ' ', ' ', 'SAN FRANCISQUITO CANYON RD', 'SANTA CLARITA CA', '91390-1095', 2015, 207558),
('3235001008', '(active)', 0, 0, 'A1', '01027', '580V', 'VAC', '0', ' ', ' ', ' ', 'VAC/VIC 160 STW/AVE I', 'DEL SUR CA', '93536', NULL, NULL, NULL, NULL, '20041001-50', 'N', '0', ' ', ' ', ' ', 'PO BOX 24066', 'LOS ANGELES CA', '90024-0066', 2015, 22610),
('3235001023', '(active)', 0, 0, 'A1', '01025', '580V', 'VAC', '0', ' ', ' ', ' ', 'VAC/VIC AVE I/160 STW', 'FAIRMONT CA', '93536', NULL, NULL, NULL, NULL, '20041001-50', 'N', '0', ' ', ' ', ' ', 'PO BOX 24066', 'LOS ANGELES CA', '90024-0066', 2015, 12753),
('3241001301', '(active)  ', 19950818, 0, 'A1', '01135', '  0V', 'OTH', '0', ' ', ' ', ' ', ' ', ' ', ' ', NULL, NULL, NULL, NULL, '19680000-50', 'Y', '0', ' ', ' ', ' ', ' ', ' ', '000000000 ', 2015, NULL),
('3249016002', '(active)', 0, 0, 'A1', '01028', '580V', 'VAC', '0', ' ', ' ', ' ', 'VAC/VIC AVE O/;LDEN STATE HWY', ';RMAN CA', '93536', NULL, NULL, NULL, NULL, '19960105-50', 'N', '0', ' ', ' ', ' ', 'PO BOX 84', 'CASTAIC CA', '91310-0084', 2015, 6499),
('3316002001', '(active)', 0, 0, 'A1', '01001', '580V', 'VAC', '0', ' ', ' ', ' ', 'VAC/VIC AVE E4/170 STE', 'HI VISTA CA', '93535', NULL, NULL, NULL, NULL, '20070703-50', 'N', '12121', ' ', ' ', '600', 'WILSHIRE BLVD', 'LOS ANGELES CA', '90025-1188', 2015, 7647),
('4001002003', '(active)', 0, 0, '09', '09412', '0300', 'R-I', '5060', ' ', 'W', ' ', 'SLAUSON AVE', 'LOS ANGELES CA', '90056-1640', 3, 8, 8, 5298, '20111021-50', 'N', '6603', ' ', ' ', ' ', 'SHENANDOAH AVE', 'LOS ANGELES CA', '90056-2115', 2015, 786439),
('4001002025', '(active)', 19911231, 0, '09', '09495', '010E', 'CND', '5055', ' ', 'W', 'NO     1', '58TH PL', 'LOS ANGELES CA', '90056-1636', 1, 3, 2, 1568, '20020221-50', 'N', '4712', ' ', ' ', '#232', 'ADMIRALTY WAY', 'MARINA DEL REY CA', '90292-6905', 2015, 399474),
('4001004001', '(active)', 0, 0, '09', '09113', '0100', 'SFR', '5841', ' ', 'S', ' ', 'CROFT AVE', 'LOS ANGELES CA', '90056-1608', 1, 4, 3, 2239, '20030424-50', 'Y', '5841', ' ', 'S', ' ', 'CROFT AVE', 'LOS ANGELES CA', '900561608', 2015, 158399),
('4002022016', '(active)', 0, 0, '09', '09450', '0500', 'R-I', '6231', ' ', 'S', ' ', 'LA BREA AVE', 'LOS ANGELES CA', '90056-1918', 58, 78, 58, 48960, '19981028-50', 'N', '0', ' ', ' ', ' ', 'PO BOX 6063', 'WOODLAND HILLS  CA', '91367', 2015, 1597548),
('4002025021', '(active)', 19930302, 0, '09', '09133', '0100', 'SFR', '4534', ' ', 'W', ' ', '62ND ST', 'LOS ANGELES CA', '90043-3308', 1, 2, 1, 908, '20050817-50', 'N', '3830', ' ', 'S', ' ', 'BRONSON AVE', 'LOS ANGELES CA', '90008-1951', 2015, 191317),
('4003001001', '(active)', 0, 0, '09', '09401', '0300', 'R-I', '4464', ' ', 'W', ' ', '59TH PL', 'LOS ANGELES CA', '90043-3427', 3, 3, 3, 2403, '20021011-50', 'N', '5952', ' ', ' ', ' ', 'OVERHILL DR', 'LOS ANGELES CA', '90043-3330', 2015, 83392),
('4003001004', '(active)', 0, 0, '09', '09104', '0100', 'SFR', '5968', ' ', ' ', ' ', 'OVERHILL DR', 'LOS ANGELES CA', '90043-3330', 1, 2, 1, 1151, '20061019-50', 'Y', '5968', ' ', ' ', ' ', 'OVERHILL DR', 'LOS ANGELES CA', '900433330', 2015, 486000),
('4004014014', '(active)', 0, 0, '09', '09178', '0100', 'SFR', '3656', ' ', 'W', ' ', '59TH ST', 'LOS ANGELES CA', '90043-2902', 2, 2, 2, 1856, '20140716-50', 'Y', '3656', ' ', 'W', ' ', '59TH ST', 'LOS ANGELES CA', '900432902', 2015, 450000),
('4005001003', '(active)', 0, 0, '09', '09101', '0100', 'SFR', '3442', ' ', 'W', ' ', '59TH PL', 'LOS ANGELES CA', '90043-3010', 1, 4, 3, 1680, '20110727-50', 'Y', '3442', ' ', 'W', ' ', '59TH PL', 'LOS ANGELES CA', '900433010', 2015, 282700),
('4009001014', '(active)', 0, 0, '09', '09134', '0100', 'SFR', '2325', ' ', 'W', ' ', '73RD ST', 'LOS ANGELES CA', '90043-5341', 1, 3, 2, 1340, '19990730-50', 'Y', '2325', ' ', 'W', ' ', '73RD ST', 'LOS ANGELES CA', '900435341', 2015, 42789),
('4009003002', '(active)', 0, 0, '09', '09417', '100V', 'VAC', '0', ' ', ' ', ' ', ' ', ' ', ' ', NULL, NULL, NULL, NULL, '20120516-50', 'N', '16562', ' ', ' ', ' ', 'ORANGEWIND LN', 'RIVERSIDE CA', '92503-6621', 2015, 10659),
('4013002006', '(active)', 0, 0, '09', '09114', '0100', 'SFR', '1108', ' ', ' ', ' ', 'LONG ST', 'INGLEWOOD CA', '90302-1438', 1, 3, 2, 1628, '20050301-50', 'Y', '1108', ' ', ' ', ' ', 'LONG ST', 'INGLEWOOD CA', '903021438', 2015, 253174),
('4015014011', '(active)', 0, 0, '09', '09115', '0100', 'SFR', '360', ' ', ' ', ' ', 'WARREN LN', 'INGLEWOOD CA', '90302-3114', 1, 1, 1, 660, '20100709-50', 'N', '4216', ' ', ' ', ' ', 'DON CARLOS DR', 'LOS ANGELES CA', '90008-2818', 2015, 130137),
('4015021060', '(active)', 19961002, 0, '09', '09490', '010H', 'CND', '315', ' ', 'N', 'NO 16', 'HILLCREST BLVD', 'INGLEWOOD CA', '90301-5432', 1, 2, 2, 960, '20030331-50', 'N', '315', ' ', 'N', '# 6', 'HILLCREST BLVD', 'INGLEWOOD CA', '90301-1325', 2015, 177137),
('4032011037', '(active)', 0, 0, '09', '09135', '0100', 'SFR', '3702', ' ', 'W', ' ', '104TH ST', 'INGLEWOOD CA', '90303-5372', 1, 2, 1, 936, '19990401-50', 'N', '200', ' ', 'S', ' ', 'RODEO DR', 'BEVERLY HILLS CA', '90212-3804', 2015, 182608),
('4037020038', '(active)', 20060214, 0, '09', '09493', '010V', 'VAC', '11217', ' ', ' ', ' ', 'BURIN AVENUE', 'HAWTHORNE CA', '90304', NULL, NULL, NULL, NULL, '20060512-50', 'N', '723', ' ', 'W', ' ', 'MARIPOSA AVE', 'EL SEGUNDO CA', '90245-2964', 2015, 9),
('4104002001', '(active)', 0, 0, '09', '09118', '0100', 'SFR', '5981', ' ', 'W', ' ', '74TH ST', 'LOS ANGELES CA', '90045-1601', 1, 3, 2, 1544, '20131119-50', 'Y', '5981', ' ', 'W', ' ', '74TH ST', 'LOS ANGELES CA', '900451601', 2015, 739485),
('4105011002', '(active)', 0, 0, '09', '09409', '0200', 'R-I', '7850', ' ', ' ', ' ', 'AIRPORT BLVD', 'LOS ANGELES CA', '90045-3141', 2, 4, 2, 1702, '20131104-50', 'N', '26862', ' ', ' ', ' ', 'SPRINGCREEK RD', 'RANCHO PALOS VERDES CA', '90275-2256', 2015, 112951),
('4105015044', '(active)', 19880301, 0, '09', '09496', '010E', 'CND', '7836', ' ', ' ', '101', 'FLIGHT AVE', 'LOS ANGELES CA', '90045-3152', 1, 2, 2, 1183, '19940825-50', 'Y', '7836', ' ', ' ', '101', 'FLIGHT AVE', 'LOS ANGELES CA', '900453152', 2015, 212414),
('4112003001', '(active)', 0, 0, '09', '09418', '0100', 'SFR', '6971', ' ', 'W', ' ', '85TH ST', 'LOS ANGELES CA', '90045-2602', 2, 4, 3, 1909, '20100913-50', 'Y', '6971', ' ', 'W', ' ', '85TH ST', 'LOS ANGELES CA', '900452602', 2015, 934799),
('4114001001', '(active)', 0, 0, '09', '09119', '0100', 'SFR', '7847', ' ', ' ', ' ', 'VERAGUA DR', 'LOS ANGELES CA', '90293-7900', 1, 3, 3, 3073, '19890822-50', 'N', '7847', ' ', ' ', ' ', 'VERAGUA DR', 'PLAYA DEL REY CA', '90293-7900', 2015, 916518),
('4114028024', '(active)', 19920625, 0, '09', '09491', '010C', 'CND', '7413', ' ', 'W', '1', 'MANCHESTER AVE', 'LOS ANGELES CA', '90045-2389', 1, 2, 3, 1338, '19930203-50', 'N', '936', ' ', ' ', ' ', 'SUNSET BLVD', 'ARCADIA CA', '91007-6560', 2015, 302909),
('4116001033', '(active)', 0, 0, '09', '09399', '010C', 'CND', '6205', ' ', ' ', '1', 'OCEAN FRONT WALK', 'LOS ANGELES CA', '90293-7527', 1, 3, 3, 2149, '20070213-50', 'N', '6205', ' ', ' ', 'NO 1', 'OCEAN FRONT WALK', 'PLAYA DEL REY CA', '90293-7527', 2015, 709889),
('4134006001', '(active)', 0, 0, '09', '09499', '010C', 'CND', '6225', ' ', ' ', 'APT 0101', 'CANTERBURY DR', 'CULVER CITY CA', '90230-7123', 1, 1, 1, 807, '20001005-50', 'N', '0', ' ', ' ', ' ', 'PO BOX 45514', 'LOS ANGELES CA', '90045-0514', 2015, 122606),
('4134007001', '(active)', 0, 0, '09', '09404', '0501', 'R-I', '6100', ' ', ' ', ' ', 'BUCKINGHAM PKWY', 'CULVER CITY CA', '90230-7237', 23, 43, 42, 28170, '20031030-50', 'N', '1730', ' ', ' ', 'STE 100', 'COLBY AVE', 'LOS ANGELES CA', '90025-4376', 2015, 4637381),
('4201002005', '(active)', 0, 0, '09', '09001', '010V', 'VAC', '0', ' ', ' ', ' ', ' ', ' ', ' ', NULL, NULL, NULL, NULL, '19631129-50', 'N', '3424', ' ', ' ', '4TH FL', 'WILSHIRE BLVD', 'LOS ANGELES CA', '90010-2263', 2015, 36693),
('4203001036', '(active)', 0, 0, '09', '09130', '0100', 'SFR', '10701', ' ', ' ', ' ', 'FLAXTON ST', 'CULVER CITY CA', '90230-5402', 1, 2, 2, 1380, '20090925-50', 'Y', '10701', ' ', ' ', ' ', 'FLAXTON ST', 'CULVER CITY CA', '902305402', 2015, 835000),
('4204001002', '(active)', 0, 0, '09', '09131', '0100', 'SFR', '9062', ' ', ' ', ' ', 'LUCERNE AVE', 'CULVER CITY CA', '90232-2515', 1, 3, 1, 1125, '20111108-50', 'Y', '9062', ' ', ' ', ' ', 'LUCERNE AVE', 'CULVER CITY CA', '902322515', 2015, 108541),
('4204006153', '(active)', 0, 0, '09', '09184', '300V', 'VAC', '0', ' ', ' ', ' ', ' ', ' ', ' ', NULL, NULL, NULL, NULL, '20130723-50', 'N', '6207', ' ', ' ', ' ', 'HETZLER RD', 'CULVER CITY CA', '90232-2909', 2015, 197165),
('4204010024', '(active)  ', 0, 0, '09', '09395', '010E', 'CND', '5840', ' ', ' ', 'NO 2', 'BOWCROFT ST', 'LOS ANGELES CA', '90016-4925', 1, 2, 2, 900, '19840201-50', 'Y', '5840', ' ', ' ', 'NO 2', 'BOWCROFT ST', 'LOS ANGELES CA', '900164925 ', 2015, 168328),
('4211001001', '(active)  ', 0, 0, '09', '09129', '0100', 'SFR', '5309', ' ', 'S', ' ', 'CENTINELA AVE', 'LOS ANGELES CA', '90066-6907', 1, 3, 2, 2010, '20150518-50', 'Y', '5309', ' ', 'S', ' ', 'CENTINELA AVE', 'LOS ANGELES CA', '900666907 ', 2015, 658413),
('4211001004', '(active)', 0, 0, '09', '09407', '0500', 'R-I', '5323', ' ', 'S', ' ', 'CENTINELA AVE', 'LOS ANGELES CA', '90066-6951', 5, 10, 10, 4106, '20080228-50', 'N', '11866', ' ', ' ', 'STE 101', 'WILSHIRE BLVD', 'LOS ANGELES CA', '90025-6611', 2015, 1101811),
('4212005001', '(active)', 0, 0, '09', '09498', '010C', 'CND', '4340', ' ', ' ', 'NO 1', 'GLENCOE AVE', 'LOS ANGELES CA', '90292-6408', 1, 2, 2, 1057, '19960112-50', 'N', '0', ' ', ' ', ' ', 'PO BOX 232', 'JANESVILLE CA', '96114', 2015, 397989),
('4214001019', '(active)', 0, 0, '09', '09124', '0100', 'SFR', '3817', ' ', ' ', ' ', 'GLOBE AVE', 'CULVER CITY CA', '90230-4601', 1, 3, 2, 1368, '19931019-50', 'Y', '3817', ' ', ' ', ' ', 'GLOBE AVE', 'CULVER CITY CA', '902304601', 2015, 270266),
('4224015001', '(active)', 0, 0, '07', '07499', '010C', 'CND', '13234', ' ', ' ', 'UNIT   A', 'FIJI WAY', 'LOS ANGELES CA', '90292-7061', 1, 2, 2, 1582, '20111123-50', 'N', '13234', ' ', ' ', 'NO A', 'FIJI WAY', 'MARINA DEL REY CA', '90292-7061', 2015, 318847),
('4224033002', '(active)', 19960208, 0, '07', '07126', '0100', 'SFR', '704', ' ', ' ', ' ', 'OXFORD AVE', 'LOS ANGELES CA', '90292-5404', 1, 3, 3, 2562, '20110513-50', 'N', '704', ' ', ' ', ' ', 'OXFORD AVE', 'MARINA DEL REY CA', '90292-5404', 2015, 1055342),
('4225001013', '(active)', 0, 0, '07', '07406', '0200', 'R-I', '11', ' ', ' ', ' ', 'ANCHORAGE ST', 'LOS ANGELES CA', '90292-5101', 2, 3, 3, 3148, '19841211-50', 'N', '11', ' ', ' ', ' ', 'ANCHORAGE ST', 'MARINA DEL REY CA', '90292-5101', 2015, 574619),
('4225001016', '(active)', 0, 0, '07', '07128', '0100', 'SFR', '21', ' ', ' ', ' ', 'ANCHORAGE ST', 'LOS ANGELES CA', '90292-5101', 1, 3, 2, 1388, '20140527-50', 'N', '21', ' ', ' ', ' ', 'ANCHORAGE ST', 'MARINA DEL REY CA', '90292-5101', 2015, 1153778),
('4225002002', '(active)', 0, 0, '07', '07127', '010V', 'VAC', '3108', ' ', ' ', ' ', 'PACIFIC AVE', 'LOS ANGELES CA', '90292-5113', NULL, NULL, NULL, NULL, '20110223-50', 'N', '591', ' ', 'W', ' ', 'STEVENS RD', 'PALM SPRINGS CA', '92262-4225', 2015, 59774),
('4225008070', '(active)', 20050707, 0, '07', '07498', '010C', 'CND', '131', ' ', ' ', '1', 'GALLEON ST', 'MARINA DEL REY CA', '90292-5973', 1, 3, 3, 1599, '20110331-50', 'N', '131', ' ', ' ', 'UNIT 1', 'GALLEON ST', 'MARINA DEL REY CA', '90292-5973', 2015, 820821),
('4234001001', '(active)', 0, 0, '07', '07124', '0100', 'SFR', '3604', ' ', ' ', ' ', 'SAWTELLE BLVD', 'LOS ANGELES CA', '90066-3418', 1, 3, 2, 1446, '19990504-50', 'Y', '3604', ' ', ' ', ' ', 'SAWTELLE BLVD', 'LOS ANGELES CA', '900663418', 2015, 266473),
('4234002025', '(active)', 0, 0, '07', '07407', '0300', 'R-I', '3752', ' ', ' ', ' ', 'SAWTELLE BLVD', 'LOS ANGELES CA', '90066-3431', 3, 3, 3, 1327, '20031002-50', 'N', '1925', ' ', 'S', ' ', 'CREST DR', 'LOS ANGELES CA', '90034-1152', 2015, 175496),
('4234002046', '(active)', 20071015, 0, '07', '07492', '010E', 'CND', '3722', ' ', ' ', '1', 'SAWTELLE BLVD', 'LOS ANGELES CA', '90066-3455', 1, 2, 2, 998, '20030122-50', 'N', '637', ' ', ' ', ' ', 'STRAND ST', 'SANTA MONICA CA', '90405-2495', 2015, 219875),
('4239001002', '(active)', 0, 0, '07', '07125', '0100', 'SFR', '706', ' ', ' ', ' ', '4TH AVE', 'LOS ANGELES CA', '90291-3017', 1, 2, 1, 1152, '20040610-50', 'N', '3210', ' ', ' ', ' ', 'COLDWATER CANYON LN', 'BEVERLY HILLS CA', '90210-1235', 2015, 900256),
('4239029017', '(active)', 0, 0, '07', '07590', '010G', 'SFR', '1310', ' ', ' ', ' ', '6TH AVE', 'LOS ANGELES CA', '90291-3434', 1, 5, 3, 3170, '20090521-50', 'N', '1310', ' ', ' ', ' ', '6TH AVE', 'VENICE CA', '90291-3434', 2015, 501000),
('4244002001', '(active)', 0, 0, '07', '07123', '0100', 'SFR', '1359', ' ', ' ', ' ', 'ROSE AVE', 'LOS ANGELES CA', '90066-1207', 1, 3, 4, 2868, '20111003-50', 'N', '14912', ' ', ' ', ' ', 'MC KENDREE AVE', 'PACIFIC PALISADES CA', '90272-2634', 2015, 1145092),
('4250024095', '(active)  ', 20080724, 0, '07', '07398', '10E ', 'OTH', '3281', ' ', ' ', '101', 'SAWTELLE BLVD', 'LOS ANGELES CA', '90066-1679', 1, 2, 2, 952, '20110303-50', 'N', '2351', ' ', 'W', ' ', '3RD ST', 'LOS ANGELES CA', '90057-1905', 2015, 286752),
('4251001003', '(active)', 0, 0, '09', '09431', '0300', 'R-I', '2749', ' ', 'S', ' ', 'SEPULVEDA BLVD', 'LOS ANGELES CA', '90064-3908', 3, 5, 3, 2447, '20120404-50', 'N', '10807', ' ', ' ', ' ', 'WELLWORTH AVE', 'LOS ANGELES CA', '90024-4915', 2015, 506873),
('4251001012', '(active)', 0, 0, '09', '09156', '0100', 'SFR', '2741', ' ', 'S', ' ', 'BENTLEY AVE', 'LOS ANGELES CA', '90064-4001', 1, 3, 1, 1315, '19900208-50', 'Y', '2741', ' ', 'S', ' ', 'BENTLEY AVE', 'LOS ANGELES CA', '900644001', 2015, 457693),
('4251004044', '(active)', 19970107, 0, '09', '09497', '010C', 'CND', '2940', ' ', 'S', '1', 'BENTLEY AVE', 'LOS ANGELES CA', '90064-4006', 1, 3, 2, 1916, '20091109-50', 'N', '2950', ' ', 'S', 'NO 1', 'BENTLEY AVE', 'LOS ANGELES CA', '90064-4006', 2015, 737855),
('4255001011', '(active)  ', 0, 0, '07', '07431', '0500', 'R-I', '10601', ' ', ' ', ' ', 'AYRES AVE', 'LOS ANGELES CA', '90064-3331', 6, 12, 11, 7466, '20070815-50', 'N', '10601', ' ', ' ', ' ', 'AYRES AVE', 'LOS ANGELES CA', '90064-3363', 2015, 859607),
('4255002005', '(active)', 0, 0, '07', '07155', '0100', 'SFR', '10632', ' ', ' ', ' ', 'AYRES AVE', 'LOS ANGELES CA', '90064-3332', 1, 3, 2, 1981, '19930520-50', 'Y', '10632', ' ', ' ', ' ', 'AYRES AVE', 'LOS ANGELES CA', '900643332', 2015, 143896),
('4255010033', '(active)', 0, 0, '07', '07156', '0100', 'SFR', '10740', ' ', ' ', ' ', 'CLARKSON RD', 'LOS ANGELES CA', '90064-4248', 1, 4, 2, 1300, '20080429-50', 'Y', '10740', ' ', ' ', ' ', 'CLARKSON RD', 'LOS ANGELES CA', '900644248', 2015, 1000000),
('4259001001', '(active)', 0, 0, '07', '07429', '0200', 'R-I', '11854', ' ', ' ', ' ', 'IDAHO AVE', 'LOS ANGELES CA', '90025-2842', 2, 6, 6, 3000, '20110901-50', 'N', '529', ' ', ' ', ' ', 'CONNIE RAE WAY', 'ARCADIA CA', '91006-4355', 2015, 888336),
('4259001002', '(active)  ', 0, 0, '07', '07190', '0100', 'SFR', '1607', ' ', 'S', ' ', 'WESTGATE AVE', 'LOS ANGELES CA', '90025-3708', 1, 1, 1, 550, '20150619-50', 'N', '0', ' ', ' ', ' ', 'PO BOX 491154', 'LOS ANGELES CA', '90049-9154', 2015, 34219),
('4259001033', '(active)', 19981119, 0, '07', '07396', '010C', 'CND', '11870', ' ', ' ', '00000101', 'IDAHO AVE', 'LOS ANGELES CA', '90025-2895', 1, 2, 2, 1510, '20120302-50', 'N', '11870', ' ', ' ', 'NO 102', 'IDAHO AVE', 'LOS ANGELES CA', '90025-2895', 2015, 642885),
('4259002048', '(active)', 20111229, 0, '07', '07496', '010C', 'CND', '1629', ' ', 'S', '101', 'ARMACOST AVE', 'LOS ANGELES CA', '90025', 1, 3, 3, 1734, '20121030-50', 'N', '443', ' ', 'N', 'UNIT 103', 'PALM DR', 'BEVERLY HILLS CA', '90210-3960', 2015, 696733),
('4264001013', '(active)', 0, 0, '07', '07187', '0101', 'SFR', '13001', ' ', ' ', ' ', 'BRENTWOOD TER', 'LOS ANGELES CA', '90049-4806', 1, 3, 4, 2848, '20051020-50', 'Y', '13001', ' ', ' ', ' ', 'BRENTWOOD TER', 'LOS ANGELES CA', '900494806', 2015, 1269924),
('4264010012', '(active)', 0, 0, '07', '07188', '0100', 'SFR', '874', ' ', 'S', ' ', 'GRETNA GREEN WAY', 'LOS ANGELES CA', '90049-5223', 1, 2, 1, 1255, '20080821-50', 'Y', '874', ' ', 'S', ' ', 'GRETNA GREEN WAY', 'LOS ANGELES CA', '900495223', 2015, 105826),
('4264026075', '(active)', 0, 0, '07', '07494', '0109', 'SFR', '1175', ' ', ' ', 'GAR 1', 'AMHERST AVE', 'LOS ANGELES CA', '90049-5872', 0, 0, 0, 2066, '19810709-50', 'N', '11520', ' ', ' ', 'STE 200', 'JEFFERSON BLVD', 'CULVER CITY CA', '90230-6148', 2015, 9),
('4266001022', '(active)', 0, 0, '07', '07423', '2700', 'C/I', '1165', ' ', ' ', ' ', 'FRANKLIN ST', 'SANTA MONICA CA', '90403-2323', 1, 5, 5, 3701, '20121130-50', 'Y', '1165', ' ', ' ', ' ', 'FRANKLIN ST', 'SANTA MONICA CA', '904032323', 2015, 1123097),
('4268004009', '(active)', 0, 0, '07', '07189', '0100', 'SFR', '1622', ' ', ' ', ' ', 'BERKELEY ST', 'SANTA MONICA CA', '90404-4103', 1, 0, 0, 1898, '20120302-50', 'N', '17522', ' ', ' ', ' ', 'COLLINS ST', 'ENCINO CA', '91316-1243', 2015, 145866),
('4270003039', '(active)', 0, 0, '07', '07493', '010C', 'CND', '2336', ' ', ' ', 'NO A', '28TH ST', 'SANTA MONICA CA', '90405-1944', 1, 2, 3, 1434, '19920227-50', 'N', '0', ' ', ' ', ' ', 'BOX 136652823', 'SIOUX FALLS SD', '57186', 2015, 453167),
('4274020033', '(active)', 0, 0, '07', '07393', '010C', 'CND', '2022', ' ', ' ', 'NO 2', 'DELAWARE AVE', 'SANTA MONICA CA', '90404-4841', 1, 3, 3, 1452, '20041202-50', 'N', '2022', ' ', ' ', '# 2', 'DELAWARE AVE', 'SANTA MONICA CA', '90404-4841', 2015, 599615),
('4284026032', '(active)  ', 20140102, 0, '07', '07395', '010E', 'CND', '1413', ' ', ' ', '5', 'OCEAN PARK BLVD', 'SANTA MONICA CA', '90405-4857', 1, 2, 2, 1400, '19780607-50', 'N', '0', ' ', ' ', ' ', 'PO BOX 745', 'SANTA MONICA CA', '90406     ', 2015, 174039),
('4287026055', '(active)', 19900302, 0, '07', '07490', '050A', 'R-I', '536', ' ', ' ', ' ', 'ASHLAND AVE', 'SANTA MONICA CA', '90405-4300', 8, 18, 12, 7081, '19871119-50', 'N', '1423', ' ', ' ', 'NO B', '2ND ST', 'SANTA MONICA CA', '90401-3453', 2015, 1684128),
('4301001001', '(active)', 0, 0, '07', '07157', '0100', 'SFR', '2822', ' ', ' ', ' ', 'BAGLEY AVE', 'LOS ANGELES CA', '90034-1806', 1, 3, 3, 1627, '20070927-50', 'Y', '2822', ' ', ' ', ' ', 'BAGLEY AVE', 'LOS ANGELES CA', '900341806', 2015, 1001000),
('4302018030', '(active)', 0, 0, '07', '07151', '0100', 'SFR', '8923', ' ', ' ', ' ', 'CADILLAC AVE', 'LOS ANGELES CA', '90034-2003', 1, 4, 2, 1919, '20130426-50', 'N', '3538', ' ', ' ', ' ', 'GREENFIELD AVE', 'LOS ANGELES CA', '90034-6102', 2015, 420089),
('4305001008', '(active)', 0, 0, '07', '07158', '0100', 'SFR', '1427', ' ', 'S', ' ', 'DOHENY DR', 'LOS ANGELES CA', '90035-3208', 1, 2, 1, 1220, '19951212-50', 'Y', '1427', ' ', 'S', ' ', 'DOHENY DR', 'LOS ANGELES CA', '900353208', 2015, 218908),
('4306003047', '(active)', 20131223, 0, '07', '07399', '0500', 'R-I', '1415', ' ', ' ', ' ', 'REXFORD DR', 'LOS ANGELES CA', '90035-3147', 10, 20, 20, 12900, '20130621-50', 'N', '5424', ' ', 'E', ' ', 'SLAUSON AVE', 'COMMERCE CA', '90040-2919', 2015, 4467302),
('4312001005', '(active)', 0, 0, '09', '09157', '0100', 'SFR', '2831', ' ', 'S', ' ', 'HOLT AVE', 'LOS ANGELES CA', '90034-2510', 1, 2, 1, 1162, '20150402-50', 'Y', '2831', ' ', 'S', ' ', 'HOLT AVE', 'LOS ANGELES CA', '900342510', 2015, 135176),
('4312002019', '(active)', 0, 0, '09', '09162', '0100', 'SFR', '8771', ' ', ' ', ' ', 'CATTARAUGUS AVE', 'LOS ANGELES CA', '90034-2535', 1, 2, 3, 1482, '20130815-50', 'Y', '8771', ' ', ' ', ' ', 'CATTARAUGUS AVE', 'LOS ANGELES CA', '900342535', 2015, 541668),
('4315001001', '(active)', 0, 0, '07', '07153', '0100', 'SFR', '2200', ' ', ' ', ' ', 'PROSSER AVE', 'LOS ANGELES CA', '90064-2322', 1, 2, 2, 1611, '19950210-50', 'N', '1510', ' ', ' ', ' ', 'REXFORD DR', 'LOS ANGELES CA', '90035-3110', 2015, 223855),
('4315006031', '(active)', 0, 0, '07', '07430', '0500', 'R-I', '10405', ' ', ' ', ' ', 'ALMAYO AVE', 'LOS ANGELES CA', '90064-2351', 6, 0, 0, 7425, '20130305-50', 'N', '9921', ' ', ' ', ' ', 'SUNSET BLVD', 'BEVERLY HILLS CA', '90210-3009', 2015, 847571),
('4319004147', '(active)  ', 20101122, 0, '07', '07397', '010V', 'VAC', '10287', ' ', ' ', ' ', 'CENTURY WOODS DR', 'LOS ANGELES CA', '90067-6312', 1, 4, 6, 8822, '20110817-50', 'Y', '10287', ' ', ' ', ' ', 'CENTURY WOODS DR', 'LOS ANGELES CA', '900676312 ', 2015, 9043006),
('4319004149', '(active)  ', 20131212, 0, '07', '07394', '01DD', 'SFR', '0', ' ', ' ', ' ', ' ', ' ', ' ', NULL, NULL, NULL, NULL, '20140102-50', 'N', '10600', ' ', ' ', ' ', 'SANTA MONICA BLVD', 'LOS ANGELES CA', '90025-4808', 2015, 1529970),
('4328002016', '(active)', 0, 0, '07', '07432', '0500', 'R-I', '9901', ' ', ' ', ' ', 'DURANT DR', 'BEVERLY HILLS CA', '90212-1600', 8, 16, 16, 9758, '19750630-50', 'N', '101', ' ', 'N', 'NO 204', 'ROBERTSON BLVD', 'BEVERLY HILLS CA', '90211-2141', 2015, 429967),
('4328002030', '(active)', 0, 0, '07', '07154', '0100', 'SFR', '9969', ' ', ' ', ' ', 'DURANT DR', 'BEVERLY HILLS CA', '90212-1602', 1, 4, 2, 3055, '20081106-50', 'N', '148', ' ', 'S', 'STE 200', 'BEVERLY DR', 'BEVERLY HILLS CA', '90212-3018', 2015, 1265339),
('4334001076', '(active)', 20050711, 0, '07', '07390', '010C', 'CND', '118', ' ', 'S', '101', 'CLARK DR', 'LOS ANGELES CA', '90048-3275', 1, 3, 3, 1821, '20131004-50', 'N', '118', ' ', 'S', 'UNIT 101', 'CLARK DR', 'WEST HOLLYWOOD CA', '90048-3275', 2015, 901151),
('4336001010', '(active)', 0, 0, '09', '09434', '0200', 'R-I', '8716', ' ', ' ', ' ', 'BONNER DR', 'W HOLLYWOOD CA', '90048-1806', 0, 0, 0, 1200, '20081023-50', 'N', '1158', ' ', ' ', '# 519', '26TH ST', 'SANTA MONICA CA', '90403-4698', 2015, 1108081),
('4336003034', '(active)', 19920701, 0, '09', '09390', '010E', 'CND', '8737', ' ', ' ', 'NO   101', 'ROSEWOOD AVE', 'WEST HOLLYWOOD CA', '90048-1807', 1, 2, 3, 2208, '20150205-50', 'N', '8737', ' ', ' ', 'UNIT 101', 'ROSEWOOD AVE', 'WEST HOLLYWOOD CA', '90048-1807', 2015, 1229532),
('4340027048', '(active)', 0, 0, '09', '09397', '0101', 'SFR', '999', ' ', 'N', 'NO 305', 'DOHENY DR', 'WEST HOLLYWOOD CA', '90069-3148', 1, 0, 1, 633, '20070419-50', 'N', '6011', ' ', ' ', 'UNIT 8', 'DAWN CREEK', 'PLAYA VISTA CA', '90094-2390', 2015, 425000),
('4341001001', '(active)', 0, 0, '07', '07152', '0101', 'SFR', '702', ' ', 'N', ' ', 'ALTA DR', 'BEVERLY HILLS CA', '90210-3506', 1, 4, 5, 5216, '20070711-50', 'Y', '702', ' ', 'N', ' ', 'ALTA DR', 'BEVERLY HILLS CA', '902103506', 2015, 6467327),
('4352001016', '(active)', 0, 0, '07', '07150', '0100', 'SFR', '9647', ' ', ' ', ' ', 'HEATHER RD', 'LOS ANGELES CA', '90210-1757', 1, 5, 3, 2758, '20140606-50', 'N', '9647', ' ', ' ', ' ', 'HEATHER RD', 'BEVERLY HILLS CA', '90210-1757', 2015, 1647267),
('4357002001', '(active)', 0, 0, '07', '07199', '0100', 'SFR', '1707', ' ', ' ', ' ', 'BENEDICT CANYON DR', 'LOS ANGELES CA', '90210-2004', 1, 3, 2, 2211, '20080626-50', 'N', '1707', ' ', ' ', ' ', 'BENEDICT CANYON DR', 'BEVERLY HILLS CA', '90210-2004', 2015, 1027335),
('4363012025', '(active)', 19930302, 0, '07', '07450', '0500', 'R-I', '512', ' ', ' ', ' ', 'VETERAN AVE', 'LOS ANGELES CA', '90024-1972', 64, 99, 99, 61906, '20110831-50', 'N', '10100', ' ', ' ', 'STE 300', 'SANTA MONICA BLVD', 'LOS ANGELES CA', '90067-4107', 2015, 10997729),
('4388014027', '(active)  ', 20141120, 0, '09', '09158', '0101', 'SFR', '0', ' ', ' ', ' ', ' ', ' ', ' ', 1, 4, 3, 2705, '20141120-50', 'N', '9010', ' ', ' ', ' ', 'BRIARCREST LN', 'BEVERLY HILLS CA', '90210-1818', 2015, 1023992),
('4392001001', '(active)', 0, 0, '09', '09161', '0101', 'SFR', '9323', ' ', ' ', ' ', 'FLICKER WAY', 'LOS ANGELES CA', '90069-1727', 1, 5, 4, 3363, '20071120-50', 'N', '12033', ' ', ' ', ' ', 'HAMMACK ST', 'CULVER CITY CA', '90230-5921', 2015, 2274132),
('4407002001', '(active)', 0, 0, '07', '07186', '0100', 'SFR', '13316', ' ', 'W', ' ', 'SUNSET BLVD', 'LOS ANGELES CA', '90049-2518', 1, 3, 3, 2071, '20050201-50', 'Y', '13316', ' ', 'W', ' ', 'SUNSET BLVD', 'LOS ANGELES CA', '900492518', 2015, 657114),
('4409001003', '(active)', 0, 0, '07', '07102', '010V', 'VAC', '0', ' ', ' ', ' ', ' ', ' ', ' ', NULL, NULL, NULL, NULL, '20040726-50', 'N', '1312', ' ', ' ', ' ', 'MARINETTE RD', 'PACIFIC PALISADES CA', '90272-2625', 2015, 11048),
('4409018011', '(active)', 19940302, 0, '07', '07422', '0200', 'R-I', '750', ' ', ' ', ' ', 'BROOKTREE RD', 'LOS ANGELES CA', '90272-3901', 3, 9, 9, 9777, '20070523-50', 'N', '744', ' ', ' ', ' ', 'BROOKTREE RD', 'PACIFIC PALISADES CA', '90272-3901', 2015, 3976542),
('4410001001', '(active)', 0, 0, '07', '07185', '0100', 'SFR', '588', ' ', ' ', ' ', 'ENTRADA DR', 'LOS ANGELES CA', '90402-1346', 1, 4, 2, 1941, '20051201-50', 'N', '588', ' ', ' ', ' ', 'ENTRADA DR', 'SANTA MONICA CA', '90402-1346', 2015, 121950),
('4434001004', '(active)', 0, 0, '07', '07183', '010V', 'VAC', '0', ' ', ' ', ' ', ' ', ' ', ' ', NULL, NULL, NULL, NULL, '19960613-50', 'N', '470', ' ', ' ', 'NO 1', 'HILLCREST PL', 'FRIDAY HARBOR  WA', '98250', 2015, 3958),
('4434054001', '(active)', 19981221, 0, '07', '07495', '010E', 'CND', '98', ' ', ' ', ' ', 'NAVAJO LN', 'TOPANGA CA', '90290-4447', NULL, NULL, NULL, NULL, '20120921-50', 'N', '12018', ' ', ' ', ' ', 'CENTRAL AVE', 'CHINO CA', '91710-1907', 2015, 397970),
('4434054233', '(active)', 20001117, 0, '07', '07094', '010E', 'CND', '170', ' ', ' ', ' ', 'COMANCHE', 'TOPANGA CA', '90290-4425', NULL, NULL, NULL, NULL, '20040326-50', 'N', '198', ' ', ' ', ' ', 'CESTA ST', 'NAPA CA', '94559-4548', 2015, 189277),
('4436002020', '(active)', 20080102, 0, '07', '07138', '0100', 'SFR', '2442', ' ', ' ', ' ', 'OLD TOPANGA CANYON RD', 'TOPANGA', '90290', NULL, NULL, NULL, NULL, '20041130-50', 'N', '0', ' ', ' ', ' ', 'PO BOX 827', 'TOPANGA CA', '90290', 2015, 358468),
('4438039019', '(active)', 19891017, 0, '07', '07050', '010V', 'VAC', '0', ' ', ' ', ' ', ' ', ' ', ' ', NULL, NULL, NULL, NULL, '20081126-50', 'N', '0', ' ', ' ', ' ', 'PO BOX 189', 'NAPLES FL', '34106', 2015, 321443),
('4445010001', '(active)', 0, 0, '07', '07414', '0900', 'R-I', '272', ' ', 'N', ' ', 'TOPANGA CANYON BLVD', 'TOPANGA CA', '90290-3837', 1, 0, 2, 160, '20070927-50', 'Y', '272', ' ', 'N', ' ', 'TOPANGA CANYON BLVD', 'TOPANGA CA', '902903837', 2015, 546450),
('4448005029', '(active)', 0, 0, '07', '07181', '590V', 'VAC', '0', ' ', ' ', ' ', ' ', ' ', ' ', NULL, NULL, NULL, NULL, '20110411-50', 'N', '2425', ' ', ' ', ' ', 'OLYMPIC BLVD', 'SANTA MONICA CA', '90404-4083', 2015, 98902),
('4449001001', '(active)', 0, 0, '07', '07184', '010V', 'VAC', '0', ' ', ' ', ' ', ' ', ' ', ' ', NULL, NULL, NULL, NULL, '20010808-50', 'N', '0', ' ', ' ', ' ', 'PO BOX 66519', 'LOS ANGELES CA', '90066', 2015, 579942),
('4457016051', '(active)', 19871202, 0, '07', '07182', '0100', 'SFR', '2955', ' ', ' ', ' ', 'SEQUIT DR', 'MALIBU CA', '90265-2963', 1, 3, 4, 1822, '20141112-50', 'N', '50', ' ', ' ', ' ', 'MONTROSE RD', 'YONKERS NY', '10710-2802', 2015, 1172500),
('4457024110', '(active)', 20041229, 0, '07', '07099', '540V', 'VAC', '24565', ' ', ' ', ' ', 'VIA DE CASA', 'MALIBU CA', '90265-3205', 1, 3, 3, 2490, '20140724-50', 'N', '24255', ' ', ' ', ' ', 'PACIFIC COAST HWY', 'MALIBU CA', '90263-4109', 2015, 589500),
('5001001005', '(active)', 0, 0, '09', '09110', '0100', 'SFR', '923', ' ', 'W', ' ', '51ST PL', 'LOS ANGELES CA', '90037-3606', 1, 2, 1, 1429, '20100805-50', 'Y', '923', ' ', 'W', ' ', '51ST PL', 'LOS ANGELES CA', '900373606', 2015, 234429),
('5001003004', '(active)', 0, 0, '09', '09410', '0200', 'R-I', '816', ' ', 'W', ' ', '52ND ST', 'LOS ANGELES CA', '90037-3608', 2, 4, 2, 2404, '20100816-50', 'Y', '816', ' ', 'W', ' ', '52ND ST', 'LOS ANGELES CA', '900373608', 2015, 115399),
('5002021033', '(active)', 20040102, 0, '09', '09173', '0101', 'SFR', '1156', ' ', 'W', ' ', '55TH ST', 'LOS ANGELES CA', '90037-3502', 1, 3, 2, 2166, '20121205-50', 'N', '5340', ' ', ' ', ' ', 'ARLINGTON AVE', 'LOS ANGELES CA', '90043-2617', 2015, 385501),
('5007009001', '(active)', 0, 0, '09', '09403', '0300', 'R-I', '3901', ' ', 'W', ' ', '54TH ST', 'LOS ANGELES CA', '90043-2203', 1, 2, 3, 3983, '20060308-50', 'N', '5345', ' ', ' ', ' ', 'KENISTON AVE', 'LOS ANGELES CA', '90043-2221', 2015, 636753),
('5012003023', '(active)', 0, 0, '09', '09492', '010E', 'CND', '3750', ' ', ' ', 'NO 206', 'STOCKER ST', 'LOS ANGELES CA', '90008-5151', 1, 1, 1, 728, '20120127-50', 'N', '0', ' ', ' ', ' ', 'PO BOX 43164', 'LOS ANGELES CA', '90043-0164', 2015, 90884),
('5023006020', '(active)', 0, 0, '09', '09181', '010V', 'VAC', '4170', ' ', ' ', ' ', 'LEIMERT BLVD', 'LOS ANGELES CA', '90008-3806', NULL, NULL, NULL, NULL, '20050902-50', 'N', '3773', ' ', ' ', ' ', 'CRENSHAW BLVD', 'LOS ANGELES CA', '90016-5850', 2015, 397970),
('5025001001', '(active)', 0, 0, '09', '09175', '0100', 'SFR', '3763', ' ', 'S', ' ', 'GENESEE AVE', 'LOS ANGELES CA', '90016-5011', 1, 2, 2, 1781, '19930203-50', 'Y', '3763', ' ', 'S', ' ', 'GENESEE AVE', 'LOS ANGELES CA', '900165011', 2015, 74004),
('5025007009', '(active)', 0, 0, '09', '09591', '010G', 'SFR', '5523', ' ', ' ', ' ', 'VILLAGE GRN', 'LOS ANGELES CA', '90016-5108', 1, 1, 1, 745, '19860306-50', 'Y', '5523', ' ', ' ', ' ', 'VILLAGE GRN', 'LOS ANGELES CA', '900165108', 2015, 76000),
('5035001005', '(active)', 0, 0, '09', '09441', '0200', 'R-I', '3818', ' ', ' ', ' ', 'ARLINGTON AVE', 'LOS ANGELES CA', '90008-1915', 2, 5, 3, 2399, '20120106-50', 'N', '3968', ' ', 'S', ' ', 'ORANGE DR', 'LOS ANGELES CA', '90008-1110', 2015, 261258),
('5035001007', '(active)', 0, 0, '09', '09172', '0100', 'SFR', '3824', ' ', ' ', ' ', 'ARLINGTON AVE', 'LOS ANGELES CA', '90008-1915', 1, 3, 2, 1540, '19980630-50', 'Y', '3824', ' ', ' ', ' ', 'ARLINGTON AVE', 'LOS ANGELES CA', '900081915', 2015, 63325),
('5037012016', '(active)  ', 0, 0, '09', '09402', '0200', 'R-I', '1211', ' ', ' ', ' ', 'ROLLAND CURTIS PL', 'LOS ANGELES CA', '90037-1109', 2, 10, 6, 3502, '20141020-50', 'Y', '1211', ' ', ' ', ' ', 'ROLLAND CURTIS PL', 'LOS ANGELES CA', '900371109 ', 2015, 600000),
('5037024029', '(active)', 20081020, 0, '09', '09393', '010D', 'SFR', '1016', ' ', 'W', ' ', 'LEIGHTON AVE', 'LOS ANGELES CA', '90037', 1, 3, 2, 1479, '20100115-50', 'Y', '1016', ' ', 'W', ' ', 'LEIGHTON AVE', 'LOS ANGELES CA', '900370000', 2015, 346370),
('5043001001', '(active)', 0, 0, '09', '09439', '0400', 'R-I', '2531', ' ', 'S', ' ', 'BURNSIDE AVE', 'LOS ANGELES CA', '90016-2631', 4, 10, 8, 4444, '19910104-50', 'N', '4517', ' ', ' ', ' ', 'CHASAR PL', 'LOS ANGELES CA', '90043-2702', 2015, 81347),
('5043001004', '(active)', 0, 0, '09', '09171', '0100', 'SFR', '2543', ' ', 'S', ' ', 'BURNSIDE AVE', 'LOS ANGELES CA', '90016-2605', 1, 3, 2, 1472, '20030616-50', 'N', '6217', ' ', 'S', ' ', 'VERDUN AVE', 'LOS ANGELES CA', '90043-3633', 2015, 135344),
('5051002021', '(active)', 0, 0, '09', '09170', '7500', 'OTH', '3734', ' ', 'W', ' ', 'ADAMS BLVD', 'LOS ANGELES CA', '90018-1739', 1, 6, 6, 4956, '20090728-50', 'N', '3500', ' ', 'W', ' ', 'ADAMS BLVD', 'LOS ANGELES CA', '90018-1822', 2015, 1288835),
('5056025029', '(active)', 19940302, 0, '09', '09392', '010C', 'CND', '1477', ' ', 'W', ' ', '20TH ST', 'LOS ANGELES CA', '90007-1282', 1, 3, 3, 1298, '19990303-50', 'N', '1477', ' ', 'W', 'NO     1', '20TH ST', 'LOS ANGELES CA', '90007-1292', 2015, 129122),
('5060006025', '(active)', 0, 0, '09', '09292', '010C', 'CND', '2124', ' ', ' ', 'NO 1', 'CRENSHAW BLVD', 'LOS ANGELES CA', '90016-1874', 1, 3, 2, 1215, '19920903-50', 'N', '6748', ' ', 'S', ' ', 'HALM AVE', 'LOS ANGELES CA', '90056-2228', 2015, 129616),
('5062004005', '(active)', 0, 0, '09', '09169', '0100', 'SFR', '5001', ' ', 'W', ' ', '20TH ST', 'LOS ANGELES CA', '90016-1403', 1, 4, 1, 1794, '20140925-50', 'Y', '5001', ' ', 'W', ' ', '20TH ST', 'LOS ANGELES CA', '900161403', 2015, 611988),
('5064024014', '(active)', 20020613, 0, '09', '09291', '010C', 'CND', '2325', ' ', ' ', 'A', 'THURMAN AVE', 'LOS ANGELES CA', '90016-1076', 1, 3, 2, 1520, '20120424-50', 'N', '2325', ' ', ' ', 'NO A', 'THURMAN AVE', 'LOS ANGELES CA', '90016-1076', 2015, 416993),
('5066001008', '(active)', 0, 0, '09', '09432', '0500', 'R-I', '6060', ' ', ' ', ' ', 'CADILLAC AVE', 'LOS ANGELES CA', '90034-1711', 8, 8, 8, 5640, '20010114-50', 'N', '12748', ' ', ' ', ' ', 'INDIANAPOLIS ST', 'LOS ANGELES CA', '90066-1724', 2015, 451347),
('5068020027', '(active)', 0, 0, '09', '09391', '0100', 'SFR', '1610', ' ', 'S', ' ', 'HAYWORTH AVE', 'LOS ANGELES CA', '90035-4514', 1, 3, 3, 1700, '20110624-50', 'Y', '1610', ' ', 'S', ' ', 'HAYWORTH AVE', 'LOS ANGELES CA', '900354514', 2015, 831481),
('5076001002', '(active)', 0, 0, '09', '09440', '6400', 'C/I', '927', ' ', ' ', ' ', 'MENLO AVE', 'LOS ANGELES CA', '90006-2803', 1, 0, 0, 13034, '19750808-50', 'Y', '927', ' ', ' ', ' ', 'MENLO AVE', 'LOS ANGELES CA', '900062803', 2015, 153359),
('5076001004', '(active)', 0, 0, '09', '09174', '0100', 'SFR', '939', ' ', ' ', ' ', 'MENLO AVE', 'LOS ANGELES CA', '90006-2803', 1, 4, 2, 3360, '20020213-50', 'N', '939', ' ', ' ', 'APT D', 'MENLO AVE', 'LOS ANGELES CA', '90006-3390', 2015, 474458),
('5078001001', '(active)', 0, 0, '09', '09168', '0100', 'SFR', '3200', ' ', ' ', ' ', 'SAN MARINO ST', 'LOS ANGELES CA', '90006-1309', 1, 1, 1, 672, '20020502-50', 'Y', '3200', ' ', ' ', ' ', 'SAN MARINO ST', 'LOS ANGELES CA', '900061309', 2015, 184367),
('5078001002', '(active)', 0, 0, '09', '09438', '0200', 'R-I', '943', ' ', 'S', ' ', 'NORMANDIE AVE', 'LOS ANGELES CA', '90006-1311', 2, 3, 2, 1800, '20131023-50', 'N', '842', ' ', ' ', ' ', '3RD AVE', 'LOS ANGELES CA', '90005-3520', 2015, 302258),
('5080001005', '(active)', 0, 0, '09', '09167', '0100', 'SFR', '975', ' ', 'S', ' ', 'MANHATTAN PL', 'LOS ANGELES CA', '90019-2315', 1, 7, 2, 6181, '20041122-50', 'N', '3323', ' ', 'W', ' ', 'OLYMPIC BLVD', 'LOS ANGELES CA', '90019-2339', 2015, 490516),
('5084002014', '(active)', 0, 0, '09', '09437', '0200', 'R-I', '809', ' ', 'S', ' ', 'MANSFIELD AVE', 'LOS ANGELES CA', '90036-4923', 2, 6, 4, 5868, '20100326-50', 'N', '0', ' ', ' ', ' ', 'PO BOX 360799', 'LOS ANGELES CA', '90036-1299', 2015, 817404),
('5084015005', '(active)', 0, 0, '09', '09435', '2600', 'C/I', '1023', ' ', 'S', ' ', 'REDONDO BLVD', 'LOS ANGELES CA', '90019-6702', 0, 0, 0, 7859, '20040716-50', 'N', '4826', ' ', ' ', ' ', 'BONVUE AVE', 'LOS ANGELES CA', '90027-1105', 2015, 1247948),
('5084015009', '(active)', 0, 0, '09', '09166', '0100', 'SFR', '1043', ' ', 'S', ' ', 'REDONDO BLVD', 'LOS ANGELES CA', '90019-6702', 1, 3, 2, 2093, '20120717-50', 'Y', '1043', ' ', 'S', ' ', 'REDONDO BLVD', 'LOS ANGELES CA', '900196702', 2015, 727471),
('5138001020', '(active)', 0, 0, '09', '09296', '010C', 'CND', '600', ' ', 'W', 'UNIT 110', '9TH ST', 'LOS ANGELES CA', '90015-4304', 1, 1, 1, 754, '20120706-50', 'Y', '600', ' ', 'W', 'UNIT 110', '9TH ST', 'LOS ANGELES CA', '900154304', 2015, 291910),
('5139005021', '(active)', 20070302, 0, '09', '09294', '0109', 'SFR', '1100', ' ', 'S', 'NO   104', 'HOPE ST', 'LOS ANGELES CA', '90015', 1, 0, 2, 2310, '20071106-50', 'Y', '1100', ' ', 'S', 'NO   104', 'HOPE ST', 'LOS ANGELES CA', '900150000', 2015, 1232804);
INSERT INTO `ParcelDataRepository` (`AIN`, `ParcelStatus`, `ParcelCreateDate`, `ParcelDeleteDate`, `Region`, `Cluster`, `UseCode`, `UseType`, `SitusHouseNo`, `SitusFraction`, `SitusDirection`, `SitusUnit`, `SitusStreet`, `SitusCity`, `SitusZIP`, `Units`, `Bedrooms`, `Bathrooms`, `SQFTmain`, `pdbRecDate`, `isMailCopySitus`, `MailHouseNo`, `MailFraction`, `MailDirection`, `MailUnit`, `MailStreet`, `MailCity`, `MailZip`, `RollYYYY`, `RollLandImpValue`) VALUES
('5144027069', '(active)', 20070523, 0, '09', '09295', '010C', 'CND', '645', ' ', 'W', 'NO  319', '9TH ST', 'LOS ANGELES CA', '90015-1644', 1, 0, 2, 1370, '20141231-50', 'N', '645', ' ', 'W', 'UNIT 319', '9TH ST', 'LOS ANGELES CA', '90015-1644', 2015, 788000),
('5201008014', '(active)', 0, 0, '04', '04425', '0500', 'R-I', '2101', ' ', ' ', ' ', 'CHARLOTTE ST', 'LOS ANGELES CA', '90033-1455', 24, 28, 24, 16598, '20121031-50', 'N', '1611', ' ', 'N', ' ', 'PACIFIC AVE', 'GLENDALE CA', '91202-1215', 2015, 1352105),
('5201010004', '(active)', 0, 0, '04', '04103', '0100', 'SFR', '1106', ' ', 'N', ' ', 'CHICA; ST', 'LOS ANGELES CA', '90033-1413', 1, 2, 1, 972, '20001226-50', 'Y', '1106', ' ', 'N', ' ', 'CHICA; ST', 'LOS ANGELES CA', '900331413', 2015, 127386),
('5204001006', '(active)', 0, 0, '04', '04429', '0500', 'R-I', '141', ' ', 'S', ' ', 'AVENUE 22', 'LOS ANGELES CA', '90031-2249', 24, 46, 24, 16122, '20121226-50', 'N', '0', ' ', ' ', ' ', 'PO BOX 39537', 'LOS ANGELES CA', '90039-0537', 2015, 760543),
('5204002001', '(active)', 0, 0, '04', '04102', '0100', 'SFR', '147', ' ', 'S', ' ', 'AVENUE 24', 'LOS ANGELES CA', '90031-2247', 1, 3, 1, 670, '20140123-50', 'N', '2120', '1/2', ' ', ' ', 'MOZART ST', 'LOS ANGELES CA', '90031-2246', 2015, 73073),
('5205012010', '(active)', 20060928, 0, '04', '04493', '010C', 'CND', '360', ' ', 'W', '100', 'AVENUE 26', 'LOS ANGELES CA', '90031-1486', 1, 0, 2, 1280, '20090721-50', 'N', '360', ' ', 'W', 'UNIT 100', 'AVENUE 26', 'LOS ANGELES CA', '90031-1486', 2015, 241652),
('5205012188', '(active)', 20120514, 0, '04', '04498', '010C', 'CND', '360', ' ', 'W', '430', 'AVENUE 26', 'LOS ANGELES CA', '90031-1490', 1, 2, 2, 990, '20120514-50', 'N', '360', ' ', 'W', 'UNIT 430', 'AVENUE 26', 'LOS ANGELES CA', '90031-1490', 2015, 203794),
('5209001001', '(active)', 0, 0, '04', '04108', '0100', 'SFR', '3200', ' ', ' ', ' ', 'SIERRA ST', 'LOS ANGELES CA', '90031-2122', 1, 4, 2, 1000, '20070604-50', 'Y', '3200', ' ', ' ', ' ', 'SIERRA ST', 'LOS ANGELES CA', '900312122', 2015, 375000),
('5254011001', '(active)', 0, 0, '05', '05154', '0100', 'SFR', '2600', ' ', ' ', ' ', 'ORANGE GROVE AVE', 'ALHAMBRA CA', '91803-4109', 1, 2, 2, 1420, '20020110-50', 'Y', '2600', ' ', ' ', ' ', 'ORANGE GROVE AVE', 'ALHAMBRA CA', '918034109', 2015, 322435),
('5254011011', '(active)', 0, 0, '05', '05408', '0200', 'R-I', '2900', ' ', ' ', 'UNIT   B', 'MONTEZUMA AVE', 'ALHAMBRA CA', '91803-4101', 2, 7, 5, 3816, '20080603-50', 'N', '2900', ' ', ' ', 'A', 'MONTEZUMA AVE', 'ALHAMBRA CA', '91803-4101', 2015, 131228),
('5254011072', '(active)', 0, 0, '05', '05498', '010C', 'CND', '1812', ' ', ' ', 'NO A', 'GARVEY AVE', 'ALHAMBRA CA', '91803-4234', 1, 2, 3, 1380, '20130523-50', 'N', '1812', ' ', ' ', 'UNIT A', 'GARVEY AVE', 'ALHAMBRA CA', '91803-4234', 2015, 354514),
('5291001023', '(active)', 0, 0, '05', '05144', '010V', 'VAC', '0', ' ', ' ', ' ', ' ', ' ', ' ', NULL, NULL, NULL, NULL, '20080626-50', 'N', '3515', ' ', ' ', ' ', 'WINCHESTER AVE', 'LOS ANGELES CA', '90032-2440', 2015, 18490),
('5291002018', '(active)', 0, 0, '05', '05410', '0200', 'R-I', '512', ' ', ' ', ' ', 'WINCHESTER AVE', 'ALHAMBRA CA', '91803-1044', 2, 4, 2, 1876, '19920316-50', 'Y', '512', ' ', ' ', ' ', 'WINCHESTER AVE', 'ALHAMBRA CA', '918031044', 2015, 73186),
('5308001024', '(active)', 0, 0, '05', '05145', '0100', 'SFR', '1601', ' ', ' ', ' ', 'INDIANA AVE', 'SOUTH PASADENA CA', '91030-4113', 1, 3, 2, 1837, '20061002-50', 'Y', '1601', ' ', ' ', ' ', 'INDIANA AVE', 'SOUTH PASADENA CA', '910304113', 2015, 116239),
('5308022040', '(active)', 0, 0, '05', '05412', '0200', 'R-I', '2016', ' ', ' ', ' ', 'HANSCOM DR', 'SOUTH PASADENA CA', '91030-4012', 2, 4, 5, 3185, '20011113-50', 'Y', '2016', ' ', ' ', ' ', 'HANSCOM DR', 'SOUTH PASADENA CA', '910304012', 2015, 111746),
('5310033021', '(active)', 19910715, 0, '05', '05494', '010C', 'CND', '1805', ' ', ' ', 'NO     1', 'MERIDIAN AVE', 'SOUTH PASADENA CA', '91030-4399', 1, 3, 3, 1273, '20140321-50', 'N', '13010', ' ', ' ', ' ', 'ESWORTHY RD', 'GAITHERSBURG MD', '20878-8713', 2015, 560988),
('5317001001', '(active)', 0, 0, '05', '05403', '0300', 'R-I', '20', ' ', 'W', ' ', 'STATE ST', 'PASADENA CA', '91105-3432', 3, 4, 3, 2192, '20030313-50', 'N', '1102', ' ', ' ', ' ', 'ARDEN RD', 'PASADENA CA', '91106-4006', 2015, 304080),
('5317001002', '(active)', 0, 0, '05', '05104', '0100', 'SFR', '30', ' ', 'W', ' ', 'STATE ST', 'PASADENA CA', '91105-3432', 1, 2, 1, 1092, '20031027-50', 'Y', '30', ' ', 'W', ' ', 'STATE ST', 'PASADENA CA', '911053432', 2015, 57273),
('5317005017', '(active)', 0, 0, '05', '05493', '010E', 'CND', '1250', ' ', 'S', '   1', 'ORANGE GROVE BLVD', 'PASADENA CA', '91105-3325', 1, 2, 2, 1725, '20071205-50', 'N', '2439', ' ', 'S', ' ', 'VIA LAZO', 'PALM SPRINGS CA', '92264-9490', 2015, 625000),
('5319023042', '(active)', 20030828, 0, '05', '05490', '010E', 'CND', '1625', ' ', ' ', 'UNIT A-1', 'FREMONT AVE', 'SOUTH PASADENA CA', '91030-4488', 1, 2, 3, 881, '20140218-50', 'N', '1625', ' ', ' ', 'UNIT 1', 'FREMONT AVE', 'SOUTH PASADENA CA', '91030-4488', 2015, 404720),
('5323001022', '(active)', 0, 0, '05', '05146', '0101', 'SFR', '1304', ' ', ' ', ' ', 'OLD MILL RD', 'SAN MARINO CA', '91108-1845', 1, 5, 4, 4954, '19981216-50', 'Y', '1304', ' ', ' ', ' ', 'OLD MILL RD', 'SAN MARINO CA', '911081845', 2015, 434809),
('5324002002', '(active)', 0, 0, '05', '05118', '0100', 'SFR', '550', ' ', 'E', ' ', 'GLENARM ST', 'PASADENA CA', '91106-4331', 1, 5, 3, 3239, '20090702-75', 'Y', '550', ' ', 'E', ' ', 'GLENARM ST', 'PASADENA CA', '911064331', 2015, 1449937),
('5324004004', '(active)', 0, 0, '05', '05404', '0300', 'R-I', '254', ' ', 'E', ' ', 'GLENARM ST', 'PASADENA CA', '91106-4204', 3, 5, 3, 2984, '20111110-50', 'N', '9869', ' ', ' ', ' ', 'OLIVE ST', 'TEMPLE CITY CA', '91780-3256', 2015, 447219),
('5327001023', '(active)', 0, 0, '05', '05115', '0100', 'SFR', '517', ' ', 'S', ' ', 'CATALINA AVE', 'PASADENA CA', '91106-3306', 1, 2, 2, 1764, '19840815-50', 'N', '1201', ' ', 'E', 'NO  2026', 'CALIFORNIA BLVD', 'PASADENA CA', '91125-0001', 2015, 460205),
('5327001071', '(active)', 0, 0, '05', '05492', '010E', 'CND', '960', ' ', ' ', 'NO 101', 'SAN PASQUAL ST', 'PASADENA CA', '91106-3321', 1, 2, 2, 1261, '19811130-50', 'N', '1201', ' ', 'E', ' ', 'CALIFORNIA BLVD', 'PASADENA CA', '91125-0001', 2015, 213074),
('5332002001', '(active)', 0, 0, '05', '05149', '0100', 'SFR', '1365', ' ', 'S', ' ', 'SAN GABRIEL BLVD', 'SAN MARINO CA', '91108-2703', 1, 2, 2, 1868, '20140429-50', 'Y', '1365', ' ', 'S', ' ', 'SAN GABRIEL BLVD', 'SAN MARINO CA', '911082703', 2015, 1203915),
('5333027011', '(active)', 0, 0, '05', '05155', '0101', 'SFR', '741', ' ', 'N', ' ', 'SAN GABRIEL BLVD', 'SAN GABRIEL CA', '91775-1629', 1, 3, 2, 1827, '20070823-50', 'Y', '741', ' ', 'N', ' ', 'SAN GABRIEL BLVD', 'SAN GABRIEL CA', '917751629', 2015, 101131),
('5346018022', '(active)', 0, 0, '05', '05499', '010C', 'CND', '333', ' ', 'S', 'APT A', 'ARROYO DR', 'SAN GABRIEL CA', '91776-4311', 1, 4, 3, 1368, '19950626-75', 'N', '332', ' ', 'S', ' ', 'ARROYO DR', 'SAN GABRIEL CA', '91776-1004', 2015, 192152),
('5360011021', '(active)', 0, 0, '05', '05495', '010C', 'CND', '1404', ' ', ' ', 'NO A', 'PROSPECT AVE', 'SAN GABRIEL CA', '91776-3462', 1, 2, 2, 855, '19980730-50', 'N', '8515', ' ', ' ', 'UNIT 502', 'COSTA VERDE BLVD', 'SAN DIE; CA', '92122-1139', 2015, 109866),
('5371001026', '(active)', 0, 0, '05', '05161', '010V', 'VAC', '1705', ' ', 'S', ' ', 'GLADYS AVE', 'SAN GABRIEL CA', '91776-3919', NULL, NULL, NULL, NULL, '19910510-50', 'N', '0', ' ', ' ', ' ', 'PO BOX 534', 'SAN GABRIEL CA', '91778', 2015, 712875),
('5373001006', '(active)', 0, 0, '05', '05417', '0500', 'R-I', '840', ' ', 'E', ' ', 'LIVE OAK ST', 'SAN GABRIEL CA', '91776-1650', 6, 13, 8, 6145, '20140613-50', 'N', '1128', ' ', 'S', ' ', 'VEGA ST', 'ALHAMBRA CA', '91801-4918', 2015, 1132177),
('5373001008', '(active)', 0, 0, '05', '05142', '0100', 'SFR', '818', ' ', 'E', ' ', 'LIVE OAK ST', 'SAN GABRIEL CA', '91776-1616', 1, 2, 1, 879, '20110103-50', 'Y', '818', ' ', 'E', ' ', 'LIVE OAK ST', 'SAN GABRIEL CA', '917761616', 2015, 34420),
('5379022002', '(active)', 0, 0, '05', '05416', '0501', 'R-I', '1150', ' ', ' ', ' ', 'ARCADIA AVE', 'ARCADIA CA', '91007-7019', 6, 12, 8, 5992, '20120720-50', 'N', '1842', ' ', ' ', ' ', 'OAKWOOD AVE', 'ARCADIA CA', '91006-1723', 2015, 1473388),
('5379022013', '(active)', 0, 0, '05', '05171', '0100', 'SFR', '1137', ' ', ' ', ' ', 'SUNSET BLVD', 'ARCADIA CA', '91007-7032', 1, 2, 1, 864, '19931116-50', 'N', '0', ' ', ' ', ' ', 'PO BOX 60483', 'PASADENA  CA', '91116', 2015, 168275),
('5385015040', '(active)', 20140203, 0, '05', '05496', '01DC', 'CND', '6130', ' ', ' ', 'A', 'TEMPLE CITY BLVD', 'TEMPLE CITY CA', '91780-1751', 1, 4, 3, 1481, '20140724-50', 'N', '8525', ' ', ' ', 'UNIT 242', 'TOBIAS AVE', 'PANORAMA CITY CA', '91402-2959', 2015, 768000),
('5401001001', '(active)', 0, 0, '04', '04422', '0500', 'R-I', '605', ' ', ' ', ' ', 'IMOGEN AVE', 'LOS ANGELES CA', '90026-3538', 12, 13, 12, 7517, '20130801-50', 'N', '12558', ' ', ' ', ' ', 'CORELLIAN CT', 'CERRITOS CA', '90703-7750', 2015, 1529970),
('5401001005', '(active)  ', 0, 0, '04', '04192', '0100', 'SFR', '627', ' ', ' ', ' ', 'IMOGEN AVE', 'LOS ANGELES CA', '90026-3510', 1, 2, 1, 991, '20150717-50', 'Y', '627', ' ', ' ', ' ', 'IMOGEN AVE', 'LOS ANGELES CA', '900263510 ', 2015, 158087),
('5401006032', '(active)', 19910129, 0, '04', '04495', '010C', 'CND', '716', ' ', ' ', 'NO 1', 'MALTMAN AVE', 'LOS ANGELES CA', '90026-3574', 1, 2, 3, 1226, '20070328-50', 'N', '716', ' ', ' ', '1', 'MALTMAN AVE', 'LOS ANGELES CA', '90026-3574', 2015, 509000),
('5402001001', '(active)', 0, 0, '04', '04423', '0500', 'R-I', '1147', ' ', 'N', ' ', 'BENTON WAY', 'LOS ANGELES CA', '90026-2249', 16, 4, 16, 10744, '19770805-50', 'N', '851', ' ', 'N', ' ', 'LA FAYETTE PARK PL', 'LOS ANGELES CA', '90026-2919', 2015, 220548),
('5402001002', '(active)', 0, 0, '04', '04191', '0100', 'SFR', '1143', ' ', 'N', ' ', 'BENTON WAY', 'LOS ANGELES CA', '90026-2210', 1, 2, 2, 1066, '20110203-50', 'Y', '1143', ' ', 'N', ' ', 'BENTON WAY', 'LOS ANGELES CA', '900262210', 2015, 414141),
('5402018030', '(active)', 0, 0, '04', '04491', '010C', 'CND', '1121', ' ', ' ', 'UNIT   A', 'WATERLOO ST', 'LOS ANGELES CA', '90026-3035', 1, 2, 1, 776, '20080229-50', 'N', '1121', ' ', ' ', 'A', 'WATERLOO ST', 'LOS ANGELES CA', '90026-3035', 2015, 359533),
('5435001004', '(active)', 0, 0, '04', '04424', '0200', 'R-I', '3619', ' ', ' ', ' ', 'SENECA AVE', 'LOS ANGELES CA', '90039-1820', 2, 2, 2, 1844, '20071116-50', 'N', '11051', ' ', ' ', ' ', 'CANYON MEADOWS DR', 'WHITTIER CA', '90601-1709', 2015, 114917),
('5435001005', '(active)', 0, 0, '04', '04193', '0100', 'SFR', '3625', ' ', ' ', ' ', 'SENECA AVE', 'LOS ANGELES CA', '90039-1820', 1, 3, 2, 1333, '20021227-50', 'Y', '3625', ' ', ' ', ' ', 'SENECA AVE', 'LOS ANGELES CA', '900391820', 2015, 143953),
('5442004029', '(active)', 0, 0, '04', '04194', '0100', 'SFR', '1950', ' ', ' ', ' ', 'CYPRESS AVE', 'LOS ANGELES CA', '90065-1223', 1, 2, 1, 965, '20120404-50', 'Y', '1950', ' ', ' ', ' ', 'CYPRESS AVE', 'LOS ANGELES CA', '900651223', 2015, 270157),
('5442004033', '(active)', 0, 0, '04', '04427', '0500', 'R-I', '1916', ' ', ' ', ' ', 'CYPRESS AVE', 'LOS ANGELES CA', '90065-1234', 6, 6, 6, 2150, '20070131-50', 'N', '187', ' ', 'W', ' ', 'HARRIET ST', 'ALTADENA CA', '91001-5064', 2015, 568529),
('5453002900', '(active)  ', 0, 0, '04', '04195', '8800', 'OTH', '1150', ' ', 'N', ' ', 'SAN FERNANDO RD', 'LOS ANGELES CA', '90065-1100', NULL, NULL, NULL, NULL, '20090821-50', 'N', '455', ' ', ' ', ' ', ';LDEN GATE AVE', 'SAN FRANCISCO CA', '94102-3660', 2015, NULL),
('5456014039', '(active)', 0, 0, '04', '04494', '010C', 'CND', '3015', ' ', ' ', 'NO 101', 'DIVISION ST', 'LOS ANGELES CA', '90065-2071', 1, 2, 2, 1009, '20021007-50', 'N', '3015', ' ', ' ', 'NO   101', 'DIVISION ST', 'LOS ANGELES CA', '90065-2071', 2015, 173520),
('5458011005', '(active)', 0, 0, '04', '04428', '0200', 'R-I', '3030', ' ', 'W', ' ', 'AVENUE 32', 'LOS ANGELES CA', '90065-2203', 2, 4, 3, 2096, '20050118-50', 'N', '3032', ' ', 'W', ' ', 'AVENUE 32', 'LOS ANGELES CA', '90065-2203', 2015, 90052),
('5468001003', '(active)', 0, 0, '04', '04196', '0100', 'SFR', '227', ' ', 'N', ' ', 'AVENUE 50', 'LOS ANGELES CA', '90042-3905', 1, 2, 2, 864, '20130730-50', 'Y', '227', ' ', 'N', ' ', 'AVENUE 50', 'LOS ANGELES CA', '900423905', 2015, 143188),
('5468001004', '(active)', 0, 0, '04', '04426', '0200', 'R-I', '5004', ' ', ' ', ' ', 'MONTE VISTA ST', 'LOS ANGELES CA', '90042-3902', 2, 2, 2, 1732, '20030429-50', 'Y', '5004', ' ', ' ', ' ', 'MONTE VISTA ST', 'LOS ANGELES CA', '900423902', 2015, 169245),
('5503001003', '(active)', 0, 0, '09', '09165', '0100', 'SFR', '305', ' ', 'S', ' ', 'MANHATTAN PL', 'LOS ANGELES CA', '90020-4001', 1, 6, 3, 3591, '19960304-50', 'Y', '305', ' ', 'S', ' ', 'MANHATTAN PL', 'LOS ANGELES CA', '900204001', 2015, 143578),
('5505013013', '(active)', 0, 0, '09', '09398', '010C', 'CND', '4595', ' ', ' ', 'NO 101', 'WILSHIRE BLVD', 'LOS ANGELES CA', '90010-3829', 1, 2, 2, 1852, '19920721-50', 'Y', '4595', ' ', ' ', 'NO 101', 'WILSHIRE BLVD', 'LOS ANGELES CA', '900103829', 2015, 453879),
('5512006003', '(active)', 0, 0, '09', '09163', '0100', 'SFR', '171', ' ', 'N', ' ', 'GARDNER ST', 'LOS ANGELES CA', '90036-2719', 1, 2, 2, 1461, '20100412-50', 'Y', '171', ' ', 'N', ' ', 'GARDNER ST', 'LOS ANGELES CA', '900362719', 2015, 284241),
('5514001014', '(active)', 0, 0, '09', '09414', '0201', 'R-I', '8464', ' ', ' ', ' ', 'ROSEWOOD AVE', 'LOS ANGELES CA', '90048-2521', 2, 7, 5, 3426, '20100210-50', 'N', '469', ' ', 'N', ' ', 'ALFRED ST', 'LOS ANGELES CA', '90048-2504', 2015, 487239),
('5520001001', '(active)', 0, 0, '09', '09436', '0400', 'R-I', '4607', ' ', ' ', ' ', 'MELROSE AVE', 'LOS ANGELES CA', '90029-3325', 4, 4, 4, 2554, '20090902-50', 'N', '4607', ' ', ' ', ' ', 'MELROSE AVE', 'LOS ANGELES CA', '90029-3325', 2015, 899498),
('5520001029', '(active)', 0, 0, '09', '09164', '0100', 'SFR', '710', ' ', 'N', ' ', 'NORMANDIE AVE', 'LOS ANGELES CA', '90029-3413', 1, 4, 2, 2096, '19950501-50', 'N', '1039', ' ', 'E', ' ', 'BADILLO ST', 'COVINA CA', '91724-2945', 2015, 181666),
('5525020124', '(active)', 19990102, 0, '09', '09651', '7200', 'OTH', '540', ' ', 'N', ' ', 'LA BREA AVE', 'LOS ANGELES CA', '90036-2016', 0, 0, 0, 20533, '19741011-50', 'Y', '540', ' ', 'N', ' ', 'LA BREA AVE', 'LOS ANGELES CA', '900362016', 2015, 1565162),
('5537002007', '(active)', 0, 0, '04', '04421', '0500', 'R-I', '5436', ' ', ' ', ' ', 'FOUNTAIN AVE', 'LOS ANGELES CA', '90029-1007', 10, 10, 10, 4320, '20121129-50', 'N', '1543', ' ', ' ', ' ', 'PONTIUS AVE', 'LOS ANGELES CA', '90025-3305', 2015, 1229532),
('5548008006', '(active)', 0, 0, '09', '09159', '0100', 'SFR', '7117', ' ', ' ', ' ', 'HAWTHORN AVE', 'LOS ANGELES CA', '90046-3208', 1, 3, 1, 1952, '20080507-50', 'N', '733', ' ', 'N', ' ', 'HARVARD BLVD', 'LOS ANGELES CA', '90029-3313', 2015, 859803),
('5548008007', '(active)', 0, 0, '09', '09430', '0500', 'R-I', '7125', ' ', ' ', ' ', 'HAWTHORN AVE', 'LOS ANGELES CA', '90046-3225', 14, 18, 18, 13234, '20060322-50', 'N', '717', ' ', ' ', ' ', 'CALLE DE ARBOLES', 'REDONDO BEACH CA', '90277-6711', 2015, 406335),
('5554017012', '(active)', 0, 0, '09', '09950', '0500', 'R-I', '1330', ' ', 'N', ' ', 'HARPER AVE', 'WEST HOLLYWOOD CA', '90046-3703', 15, 27, 25, 19484, '20141223-50', 'N', '1932', ' ', ' ', 'STE 100', 'OVERLAND AVE', 'LOS ANGELES CA', '90025-5823', 2015, 1623000),
('5576001001', '(active)', 0, 0, '04', '04190', '0100', 'SFR', '6538', ' ', ' ', ' ', 'CAHUENGA TER', 'LOS ANGELES CA', '90068-2745', 1, 4, 3, 4352, '19870813-50', 'Y', '6538', ' ', ' ', ' ', 'CAHUENGA TER', 'LOS ANGELES CA', '900682745', 2015, 514666),
('5576001004', '(active)', 0, 0, '04', '04420', '0200', 'R-I', '2346', ' ', 'N', ' ', 'CAHUENGA BLVD', 'LOS ANGELES CA', '90068-2702', 2, 3, 2, 2082, '20141215-50', 'N', '0', ' ', ' ', ' ', 'PO BOX 7651', 'NORTHRIDGE CA', '91327-7651', 2015, 87261),
('5576001027', '(active)', 0, 0, '04', '04492', '010E', 'CND', '2260', ' ', 'N', 'NO 101', 'CAHUENGA BLVD', 'LOS ANGELES CA', '90068-2769', 1, 2, 2, 1190, '20140731-50', 'N', '12212', ' ', ' ', ' ', 'RED ROSE WAY', 'BAKERSFIELD CA', '93312-3527', 2015, 385000),
('5601001008', '(active)', 0, 0, '03', '03179', '0100', 'SFR', '3955', ' ', ' ', ' ', 'SANTA CARLOTTA ST', 'GLENDALE CA', '91214-1053', 1, 3, 2, 1330, '19560326-50', 'Y', '3955', ' ', ' ', ' ', 'SANTA CARLOTTA ST', 'GLENDALE CA', '912141053', 2015, 78693),
('5602001005', '(active)', 0, 0, '03', '03415', '0200', 'R-I', '4832', ' ', ' ', ' ', 'DUNSMORE AVE', 'GLENDALE CA', '91214-1815', 2, 3, 3, 2343, '20140903-50', 'N', '4832', ' ', ' ', ' ', 'DUNSMORE AVE', 'LA CRESCENTA CA', '91214-1815', 2015, 795000),
('5604001014', '(active)', 0, 0, '03', '03180', '0100', 'SFR', '3602', ' ', ' ', ' ', 'ALTURA AVE', 'GLENDALE CA', '91214-2401', 1, 2, 2, 1466, '20121211-50', 'Y', '3602', ' ', ' ', ' ', 'ALTURA AVE', 'GLENDALE CA', '912142401', 2015, 90946),
('5613001002', '(active)', 0, 0, '03', '03173', '0100', 'SFR', '2021', ' ', ' ', ' ', 'BROADVIEW DR', 'GLENDALE CA', '91208-1220', 1, 2, 1, 937, '20121121-50', 'N', '3250', ' ', 'W', ' ', 'MOORE RD', 'TUCSON AZ', '85742-8493', 2015, 245773),
('5613003035', '(active)', 0, 0, '03', '03495', '010E', 'CND', '2313', ' ', ' ', 'UNIT   1', 'ROSECREST DR', 'GLENDALE CA', '91208-1334', 1, 2, 2, 1010, '20090508-50', 'N', '2313', ' ', ' ', 'UNIT 1', 'ROSECREST DR', 'GLENDALE CA', '91208-1334', 2015, 358943),
('5622001001', '(active)', 0, 0, '03', '03184', '0101', 'SFR', '1661', ' ', ' ', ' ', 'GRANDVIEW AVE', 'GLENDALE CA', '91201-1205', 1, 4, 3, 3446, '19890413-50', 'Y', '1661', ' ', ' ', ' ', 'GRANDVIEW AVE', 'GLENDALE CA', '912011205', 2015, 292799),
('5629001001', '(active)', 0, 0, '03', '03174', '0103', 'SFR', '1644', ' ', ' ', ' ', 'GRANDVIEW AVE', 'GLENDALE CA', '91201-1262', 1, 5, 6, 5602, '20130604-50', 'Y', '1644', ' ', ' ', ' ', 'GRANDVIEW AVE', 'GLENDALE CA', '912011262', 2015, 2360000),
('5635001024', '(active)', 0, 0, '03', '03413', '0300', 'R-I', '929', ' ', ' ', ' ', 'BEULAH ST', 'GLENDALE CA', '91202-2806', 4, 4, 4, 3097, '19940602-50', 'N', '1550', ' ', ' ', ' ', 'GRANDVIEW AVE', 'GLENDALE CA', '91201-1420', 2015, 263274),
('5637001035', '(active)', 0, 0, '03', '03186', '0100', 'SFR', '375', ' ', ' ', ' ', 'PIONEER DR', 'GLENDALE CA', '91203-1710', 1, 2, 1, 1098, '20000128-50', 'N', '0', ' ', ' ', ' ', 'PO BOX 4031', 'GLENDALE CA', '91222-0031', 2015, 212274),
('5657001003', '(active)', 0, 0, '03', '03198', '0101', 'SFR', '660', ' ', ' ', ' ', 'BERKSHIRE AVE', 'LA CANAD-FLNTRDG CA', '91011-3425', 1, 5, 10, 12401, '19930723-50', 'N', '0', ' ', ' ', ' ', 'ONE COURT SQUARE', 'NEW YORK NY', '10043', 2015, 4879156),
('5659001001', '(active)', 0, 0, '03', '03185', '0101', 'SFR', '2907', ' ', 'E', ' ', 'CHEVY CHASE DR', 'GLENDALE CA', '91206-1903', 1, 3, 3, 2512, '20101215-50', 'N', '2833', ' ', 'E', ' ', 'CHEVY CHASE DR', 'GLENDALE CA', '91206-1902', 2015, 147851),
('5702001013', '(active)', 0, 0, '05', '05105', '010V', 'VAC', '0', ' ', ' ', ' ', ' ', ' ', ' ', NULL, NULL, NULL, NULL, '20130508-50', 'N', '1661', ' ', ' ', ' ', 'LA CRESTA DR', 'PASADENA CA', '91103-1260', 2015, 53572),
('5725001001', '(active)', 0, 0, '05', '05414', '0400', 'R-I', '27', ' ', ' ', ' ', 'PAINTER ST', 'PASADENA CA', '91103-3199', 4, 4, 4, 1520, '19940301-50', 'N', '1014', ' ', 'E', ' ', 'PECK ST', 'COMPTON CA', '90221-1525', 2015, 197968),
('5725001002', '(active)', 0, 0, '05', '05109', '0100', 'SFR', '21', ' ', ' ', ' ', 'PAINTER ST', 'PASADENA CA', '91103-3121', 1, 2, 1, 1408, '20060503-50', 'Y', '21', ' ', ' ', ' ', 'PAINTER ST', 'PASADENA CA', '911033121', 2015, 192032),
('5725001029', '(active)', 19920430, 0, '05', '05491', '010C', 'CND', '847', ' ', 'N', 'NO    1A', 'RAYMOND AVE', 'PASADENA CA', '91103-3182', 1, 3, 3, 1165, '20090611-50', 'N', '5538', ' ', 'W', ' ', '140TH ST', 'HAWTHORNE CA', '90250-6404', 2015, 202504),
('5732001017', '(active)', 0, 0, '05', '05114', '0100', 'SFR', '837', ' ', 'N', ' ', 'MENTOR AVE', 'PASADENA CA', '91104-4626', 1, 4, 3, 1528, '20030624-50', 'Y', '837', ' ', 'N', ' ', 'MENTOR AVE', 'PASADENA CA', '911044626', 2015, 325285),
('5742006027', '(active)', 0, 0, '05', '05413', '0200', 'R-I', '1892', ' ', 'E', ' ', 'WASHINGTON BLVD', 'PASADENA CA', '91104-1647', 2, 4, 2, 2379, '20041112-50', 'Y', '1892', ' ', 'E', ' ', 'WASHINGTON BLVD', 'PASADENA CA', '911041647', 2015, 265705),
('5742006030', '(active)', 0, 0, '05', '05163', '0100', 'SFR', '1916', ' ', 'E', ' ', 'WASHINGTON BLVD', 'PASADENA CA', '91104-1718', 1, 3, 1, 1716, '19870331-50', 'N', '3610', ' ', ' ', ' ', 'NEW HAVEN RD', 'PASADENA CA', '91107-3018', 2015, 263951),
('5757001006', '(active)', 0, 0, '05', '05119', '0101', 'SFR', '3885', ' ', ' ', ' ', 'CANFIELD RD', 'PASADENA CA', '91107-2255', 1, 3, 3, 2686, '20100722-50', 'Y', '3885', ' ', ' ', ' ', 'CANFIELD RD', 'PASADENA CA', '911072255', 2015, 836811),
('5761001001', '(active)', 0, 0, '05', '05122', '710V', 'VAC', '0', ' ', ' ', ' ', ' ', ' ', ' ', NULL, NULL, NULL, NULL, '19670245-50', 'N', '700', ' ', 'N', ' ', 'SUNNYSIDE AVE', 'SIERRA MADRE CA', '91024-1023', 2015, 12014),
('5765001001', '(active)', 0, 0, '05', '05170', '010V', 'VAC', '0', ' ', ' ', ' ', ' ', ' ', ' ', NULL, NULL, NULL, NULL, '20150202-50', 'N', '10215', ' ', ' ', ' ', 'AFFIRMED LN NE', 'BAINBRIDGE ISLAND WA', '98110-3534', 2015, 8605),
('5771030014', '(active)', 0, 0, '05', '05172', '0100', 'SFR', '187', ' ', 'N', ' ', '5TH AVE', 'MONROVIA CA', '91016-1911', 1, 5, 3, 2429, '20070322-50', 'Y', '187', ' ', 'N', ' ', '5TH AVE', 'MONROVIA CA', '910161911', 2015, 753692),
('5780006006', '(active)', 0, 0, '05', '05173', '0100', 'SFR', '954', ' ', 'W', ' ', 'DUARTE RD', 'MONROVIA CA', '91016-4357', 1, 3, 2, 1301, '20030620-50', 'Y', '954', ' ', 'W', ' ', 'DUARTE RD', 'MONROVIA CA', '910164357', 2015, 196484),
('5780006012', '(active)', 0, 0, '05', '05415', '0501', 'R-I', '1851', ' ', ' ', ' ', '6TH AVE', 'MONROVIA CA', '91016-7728', 6, 13, 7, 5544, '20070425-50', 'N', '944', ' ', 'W', ' ', 'DUARTE RD', 'MONROVIA CA', '91016-4368', 2015, 668828),
('5806001001', '(active)', 0, 0, '03', '03197', '0101', 'SFR', '1830', ' ', ' ', ' ', 'EARLMONT AVE', 'LA CANAD-FLNTRDG CA', '91011-1501', 1, 5, 4, 3660, '20131009-50', 'N', '1830', ' ', ' ', ' ', 'EARLMONT AVE', 'LA CANADA FLINTRIDGE CA', '91011-1501', 2015, 3110938),
('5823001017', '(active)', 19990526, 0, '05', '05165', '010V', 'VAC', '0', ' ', ' ', ' ', ' ', ' ', ' ', NULL, NULL, NULL, NULL, '19710000-50', 'N', '0', ' ', ' ', ' ', 'PO BOX 667', 'LA CANADA CA', '91012', 2015, 51118),
('5869004002', '(active)', 0, 0, '03', '03171', '0100', 'SFR', '2453', ' ', ' ', ' ', 'STONYVALE RD', 'TUJUNGA CA', '91042-1023', NULL, NULL, NULL, NULL, '20110830-50', 'N', '556', ' ', 'S', 'STE 101', 'FAIR OAKS AVE', 'PASADENA CA', '91105-2657', 2015, 9873),
('6001002002', '(active)', 0, 0, '09', '09136', '0100', 'SFR', '5804', ' ', 'S', ' ', 'WILTON PL', 'LOS ANGELES CA', '90047-1032', 1, 2, 1, 797, '20051230-50', 'Y', '5804', ' ', 'S', ' ', 'WILTON PL', 'LOS ANGELES CA', '900471032', 2015, 16678),
('6002023008', '(active)', 0, 0, '09', '09815', '100V', 'VAC', '6130', ' ', 'S', ' ', 'WESTERN AVE', 'LOS ANGELES CA', '90047-1438', NULL, NULL, NULL, NULL, '19961011-50', 'N', '911', ' ', 'N', ' ', 'STUDEBAKER RD', 'LONG BEACH CA', '90815-4900', 2015, 463475),
('6004032031', '(active)', 20010213, 0, '09', '09624', '0800', 'OTH', '5831', ' ', ' ', ' ', 'BONSALLO AVE', 'LOS ANGELES CA', '90044-6313', 8, 8, 2, 2874, '20110427-50', 'N', '5345', ' ', 'S', ' ', 'VERDUN AVE', 'LOS ANGELES CA', '90043-1542', 2015, 294201),
('6033021026', '(active)', 19980921, 0, '09', '09494', '010C', 'CND', '8021', ' ', 'S', '11', 'VERMONT AVE', 'LOS ANGELES CA', '90044-3553', 1, 3, 3, 1275, '19981223-50', 'N', '8021', ' ', 'S', 'UNIT  11', 'VERMONT AVE', 'LOS ANGELES CA', '90044-3553', 2015, 130426),
('8247001001', '(active)', 0, 0, '06', '06140', '0100', 'SFR', '440', ' ', 'N', ' ', 'STIMSON AVE', 'LA PUENTE CA', '91744-4562', 1, 1, 1, 763, '20120306-50', 'Y', '440', ' ', 'N', ' ', 'STIMSON AVE', 'LA PUENTE CA', '917444562', 2015, 188116),
('8247006016', '(active)', 0, 0, '06', '06411', '0500', 'R-I', '16016', ' ', ' ', ' ', 'ROWLAND ST', 'LA PUENTE CA', '91744-4534', 14, 28, 14, 12176, '19670245-50', 'N', '15947', ' ', ' ', '# A', 'MAIN ST', 'LA PUENTE CA', '91744-4751', 2015, 279440),
('8251002018', '(active)', 19910531, 0, '06', '06492', '010C', 'CND', '15861', ' ', ' ', ' ', 'SIERRA VISTA CT', 'LA PUENTE CA', '91744-4040', 1, 3, 2, 1568, '19980401-50', 'Y', '15861', ' ', ' ', ' ', 'SIERRA VISTA CT', 'LA PUENTE CA', '917444040', 2015, 152638),
('8254005065', '(active)', 0, 0, '06', '06143', '010V', 'VAC', '0', ' ', ' ', ' ', ' ', ' ', ' ', NULL, NULL, NULL, NULL, '20030626-50', 'N', '15848', ' ', ' ', ' ', 'FELLOWSHIP ST', 'LA PUENTE CA', '91744-1223', 2015, 6903),
('8254009006', '(active)', 0, 0, '06', '06404', '7500', 'OTH', '1520', ' ', 'N', ' ', 'HACIENDA BLVD', 'LA PUENTE CA', '91744-1134', 1, 5, 2, 1948, '19921102-50', 'Y', '1520', ' ', 'N', ' ', 'HACIENDA BLVD', 'LA PUENTE CA', '917441134', 2015, 242321),
('8254016068', '(active)', 19921015, 0, '06', '06497', '010V', 'VAC', '0', ' ', ' ', ' ', ' ', ' ', ' ', NULL, NULL, NULL, NULL, '19940204-50', 'N', '12720', ' ', ' ', ' ', 'ALCONBURY ST', 'CERRITOS CA', '90703-7213', 2015, 9),
('8269090001', '(active)', 19950510, 0, '06', '06159', '0100', 'SFR', '20656', ' ', 'E', ' ', 'OAK CREST DR', 'DIAMOND BAR CA', '91765-4704', 1, 5, 5, 3537, '19970226-50', 'N', '5611', ' ', ' ', ' ', 'PARK OAK PL', 'LOS ANGELES CA', '90068-2545', 2015, 487912),
('8277001002', '(active)', 0, 0, '06', '06146', '010V', 'VAC', '0', ' ', ' ', ' ', ' ', ' ', ' ', NULL, NULL, NULL, NULL, '19821013-50', 'N', '1463', ' ', ' ', ' ', 'BASE LINE RD', 'LA VERNE CA', '91750-2051', 2015, 102606),
('8281028032', '(active)', 0, 0, '06', '06494', '010C', 'CND', '23601', ' ', ' ', 'NO A-10', ';LDEN SPRINGS DR', 'DIAMOND BAR CA', '91765-2158', 1, 2, 2, 949, '20090806-50', 'N', '102', ' ', ' ', ' ', 'CALLE ROSA', 'SAN DIMAS CA', '91773-3966', 2015, 220171),
('8292001012', '(active)', 0, 0, '06', '06412', '7100', 'OTH', '2151', ' ', 'S', ' ', 'DIAMOND BAR BLVD', 'DIAMOND BAR CA', '91765-2981', 2, 0, 0, 44371, '19611227-50', 'N', '3424', ' ', ' ', '4TH FL', 'WILSHIRE BLVD', 'LOS ANGELES CA', '90010-2263', 2015, 9320987),
('8302001009', '(active)', 0, 0, '06', '06164', '010V', 'VAC', '0', ' ', ' ', ' ', ' ', ' ', ' ', NULL, NULL, NULL, NULL, '20071217-50', 'N', '10808', ' ', ' ', ' ', 'FOOTHILL BLVD STE 160-170', 'RANCHO CUCAMONGA CA', '91730-0601', 2015, 132240),
('8302022050', '(active)', 20071210, 0, '06', '06499', '010C', 'CND', '3612', ' ', ' ', ' ', 'EMORY WAY', 'POMONA CA', '91767-1403', 1, 3, 3, 1741, '20110825-50', 'Y', '3612', ' ', ' ', ' ', 'EMORY WAY', 'POMONA CA', '917671403', 2015, 297853),
('8303010042', '(active)', 0, 0, '06', '06409', '0500', 'R-I', '1730', ' ', 'N', 'BLDG 1', 'TOWNE AVE', 'CLAREMONT CA', '91711-3232', 24, 30, 24, 14240, '19820513-50', 'N', '3204', ' ', ' ', '100', 'ROSEMEAD BLVD', 'EL MONTE CA', '91731-2812', 2015, 1560080),
('8304014018', '(active)', 0, 0, '06', '06493', '010C', 'CND', '3640', ' ', ' ', 'NO 101', 'SUMNER AVE', 'POMONA CA', '91767-1235', 1, 2, 2, 1304, '20030430-50', 'N', '1264', ' ', ' ', ' ', 'EL PARAISO DR', 'POMONA CA', '91768-1415', 2015, 125502),
('8308001003', '(active)', 0, 0, '06', '06131', '0100', 'SFR', '1257', ' ', 'N', ' ', 'DARTMOUTH AVE', 'CLAREMONT CA', '91711-3941', 1, 2, 1, 951, '19710827-50', 'N', '101', ' ', 'S', ' ', 'MILLS AVE', 'CLAREMONT CA', '91711-5053', 2015, 59974),
('8311020007', '(active)', 0, 0, '06', '06410', '0501', 'R-I', '2870', ' ', 'N', ' ', 'TOWNE AVE', 'POMONA CA', '91767-2057', 92, 0, 0, 64888, '19771104-50', 'N', '135', ' ', 'S', 'NO 100', 'CHAPARRAL CT', 'ANAHEIM CA', '92808-2271', 2015, 3573664),
('8316003029', '(active)', 0, 0, '06', '06134', '010V', 'VAC', '0', ' ', ' ', ' ', ' ', ' ', ' ', NULL, NULL, NULL, NULL, '20020812-50', 'N', '454', ' ', ' ', ' ', 'GUILFORD AVE', 'CLAREMONT CA', '91711-5116', 2015, 13903),
('8318002001', '(active)', 0, 0, '06', '06152', '0100', 'SFR', '897', ' ', ' ', ' ', 'TERRYVIEW AVE', 'POMONA CA', '91767-3363', 1, 3, 2, 1278, '20131113-50', 'Y', '897', ' ', ' ', ' ', 'TERRYVIEW AVE', 'POMONA CA', '917673363', 2015, 280494),
('8326001004', '(active)', 0, 0, '06', '06158', '0100', 'SFR', '770', ' ', 'E', ' ', 'HOLT AVE', 'POMONA CA', '91767-5628', 1, 2, 1, 1716, '20130821-50', 'Y', '770', ' ', 'E', ' ', 'HOLT AVE', 'POMONA CA', '917675628', 2015, 269274),
('8370001001', '(active)', 0, 0, '06', '06128', '0100', 'SFR', '2582', ' ', ' ', ' ', '5TH ST', 'LA VERNE CA', '91750-5023', 1, 3, 2, 1678, '20120515-50', 'Y', '2582', ' ', ' ', ' ', '5TH ST', 'LA VERNE CA', '917505023', 2015, 150500),
('8382002022', '(active)', 0, 0, '06', '06129', '010V', 'VAC', '0', ' ', ' ', ' ', ' ', ' ', ' ', NULL, NULL, NULL, NULL, '19730531-50', 'N', '210', ' ', ' ', ' ', 'PO BOX 210', 'SAN DIMAS CA', '91773-0210', 2015, 10),
('8383001001', '(active)', 0, 0, '06', '06122', '0101', 'SFR', '1405', ' ', 'W', ' ', 'KIRKWALL RD', 'SAN DIMAS CA', '91773-1628', 1, 3, 2, 1224, '20120301-50', 'Y', '1405', ' ', 'W', ' ', 'KIRKWALL RD', 'SAN DIMAS CA', '917731628', 2015, 333385),
('8390018249', '(active)', 20130913, 0, '06', '06496', '012C', 'CND', '189', ' ', 'E', ' ', 'COMMERCIAL STREET', 'SAN DIMAS CA', '91773-3073', 1, 3, 3, 1506, '20130913-50', 'N', '189', ' ', 'E', ' ', 'COMMERCIAL ST', 'SAN DIMAS CA', '91773-5001', 2015, 398812),
('8395001007', '(active)', 0, 0, '06', '06125', '0100', 'SFR', '1060', ' ', ' ', ' ', 'VIA CANADA', 'SAN DIMAS CA', '91773-4003', 1, 3, 2, 1740, '19920131-50', 'Y', '1060', ' ', ' ', ' ', 'VIA CANADA', 'SAN DIMAS CA', '917734003', 2015, 352531),
('8401001016', '(active)', 0, 0, '06', '06406', '010V', 'VAC', '0', ' ', ' ', ' ', ' ', ' ', ' ', NULL, NULL, NULL, NULL, '20110623-50', 'N', '610', ' ', 'N', ' ', 'SANTA ANITA AVE', 'ARCADIA CA', '91006-2722', 2015, 245180),
('8401002011', '(active)', 0, 0, '06', '06403', '0501', 'R-I', '20602', ' ', 'E', ' ', 'ARROW HWY', 'COVINA CA', '91724-1342', 44, 44, 44, 18597, '20110623-50', 'N', '610', ' ', 'N', ' ', 'SANTA ANITA AVE', 'ARCADIA CA', '91006-2722', 2015, 848538),
('8401014056', '(active)', 0, 0, '06', '06495', '010C', 'CND', '20855', ' ', 'E', 'NO A8', 'CALORA ST', 'COVINA CA', '91724-1363', 1, 3, 3, 1379, '20061031-50', 'N', '20855', ' ', 'E', 'A8', 'CALORA ST', 'COVINA CA', '91724-1363', 2015, 198614),
('8405002002', '(active)', 0, 0, '06', '06113', '0100', 'SFR', '5140', ' ', 'N', ' ', 'BARRANCA AVE', 'COVINA CA', '91722-2073', 1, 2, 1, 945, '19990329-50', 'N', '220', ' ', 'N', ' ', 'LONE HILL AVE', 'GLENDORA CA', '91741-3943', 2015, 386994),
('8409001001', '(active)', 0, 0, '06', '06110', '0100', 'SFR', '17002', ' ', 'E', ' ', 'ARROW HWY', 'COVINA CA', '91722-1205', 1, 4, 2, 1144, '20031117-50', 'N', '11632', ' ', ' ', ' ', 'JANETTE LN', 'GARDEN GROVE CA', '92840-2441', 2015, 204936),
('8410011024', '(active)', 0, 0, '06', '06402', '0200', 'R-I', '4910', ' ', 'N', ' ', 'VINCENT AVE', 'COVINA CA', '91722-1041', 2, 4, 2, 1684, '20051004-50', 'Y', '4910', ' ', 'N', ' ', 'VINCENT AVE', 'COVINA CA', '917221041', 2015, 456000),
('8413001033', '(active)', 0, 0, '06', '06161', '0100', 'SFR', '5052', ' ', ' ', ' ', 'LANTE ST', 'BALDWIN PARK CA', '91706-1839', 1, 3, 1, 1060, '20110818-50', 'N', '4836', ' ', ' ', ' ', 'BOREL ST', 'BALDWIN PARK CA', '91706-1903', 2015, 287401),
('8413008001', '(active)', 0, 0, '06', '06107', '010V', 'VAC', '5105', ' ', ' ', ' ', 'GAYHURST AVE', 'BALDWIN PARK CA', '91706-1815', NULL, NULL, NULL, NULL, '19910219-50', 'Y', '5105', ' ', ' ', ' ', 'GAYHURST AVE', 'BALDWIN PARK CA', '917061815', 2015, 150068),
('8415018001', '(active)', 0, 0, '06', '06116', '010V', 'VAC', '0', ' ', ' ', ' ', ' ', ' ', ' ', NULL, NULL, NULL, NULL, '20100521-50', 'N', '0', ' ', ' ', ' ', 'PO BOX 1677', 'OJAI CA', '93024', 2015, 125683),
('8417005040', '(active)', 19900806, 0, '06', '06498', '010C', 'CND', '15859', ' ', 'E', ' ', 'ROYAL ESTATES DR', 'COVINA CA', '91722-2200', 1, 4, 3, 2110, '20061215-50', 'Y', '15859', ' ', 'E', ' ', 'ROYAL ESTATES DR', 'COVINA CA', '917222200', 2015, 411000),
('8463002006', '(active)', 0, 0, '06', '06137', '0100', 'SFR', '1219', ' ', 'S', ' ', 'WILLOW AVE', 'WEST COVINA CA', '91790-2502', 1, 4, 1, 2164, '20131030-50', 'N', '145', ' ', ' ', ' ', 'LA VERNE AVE', 'LONG BEACH CA', '90803-3343', 2015, 356992),
('8493058015', '(active)', 19961009, 0, '06', '06149', '0101', 'SFR', '1371', ' ', ' ', ' ', 'BENTLEY CT', 'WEST COVINA CA', '91791-4320', 1, 4, 4, 4258, '20070702-50', 'Y', '1371', ' ', ' ', ' ', 'BENTLEY CT', 'WEST COVINA CA', '917914320', 2015, 1560678),
('8513013060', '(active)', 20070419, 0, '05', '05176', '010D', 'SFR', '455', ' ', ' ', ' ', 'MONROVISTA AVE', 'MONROVIA CA', '91016-4611', 1, 3, 3, 1772, '20080529-50', 'Y', '455', ' ', ' ', ' ', 'MONROVISTA AVE', 'MONROVIA CA', '910164611', 2015, 453555),
('8527001001', '(active)', 0, 0, '05', '05175', '010V', 'VAC', '0', ' ', ' ', ' ', ' ', ' ', ' ', NULL, NULL, NULL, NULL, '20130501-50', 'N', '130', ' ', 'N', 'UNIT 7', 'HAMILTON DR', 'BEVERLY HILLS CA', '90211-2230', 2015, 442357),
('8532020001', '(active)', 19930302, 0, '05', '05174', '0100', 'SFR', '12081', ' ', ' ', ' ', 'CLARK ST', 'ARCADIA CA', '91006-5829', 1, 1, 1, 832, '20051031-50', 'N', '270', ' ', 'S', ' ', 'ROOSEVELT AVE', 'PASADENA CA', '91107-4762', 2015, 108351),
('8538002001', '(active)', 0, 0, '05', '05177', '0100', 'SFR', '4821', ' ', ' ', ' ', 'CEDAR AVE', 'EL MONTE CA', '91732-1345', 1, 2, 1, 936, '20080529-50', 'Y', '4821', ' ', ' ', ' ', 'CEDAR AVE', 'EL MONTE CA', '917321345', 2015, 380900),
('8538002004', '(active)', 0, 0, '05', '05407', '0500', 'R-I', '11233', ' ', ' ', ' ', 'LOWER AZUSA RD', 'EL MONTE CA', '91731-1466', 8, 16, 8, 6000, '20110707-50', 'N', '0', ' ', ' ', ' ', 'PO BOX 7705', 'ALHAMBRA CA', '91802-7705', 2015, 919688),
('8605001033', '(active)', 0, 0, '05', '05402', '0500', 'R-I', '451', ' ', 'W', ' ', 'FOOTHILL BLVD', 'AZUSA CA', '91702-2356', 26, 26, 26, 12892, '20050526-50', 'N', '2107', ' ', 'W', 'NO  229D', 'COMMONWEALTH AVE', 'ALHAMBRA CA', '91803-1435', 2015, 2534182),
('8605002186', '(active)', 0, 0, '05', '05116', '0100', 'SFR', '837', ' ', 'N', ' ', 'ANGELENO AVE', 'AZUSA CA', '91702-2323', 1, 3, 1, 998, '20130404-50', 'Y', '837', ' ', 'N', ' ', 'ANGELENO AVE', 'AZUSA CA', '917022323', 2015, 263323),
('8608004018', '(active)', 0, 0, '05', '05497', '010C', 'CND', '1001', ' ', ' ', ' ', 'LAKEVIEW TER', 'AZUSA CA', '91702-2450', 1, 3, 2, 1708, '20021210-50', 'N', '1001', ' ', ' ', ' ', 'LAKEVIEW TERRACE', 'AZUSA CA', '91702-2450', 2015, 350531),
('8610023010', '(active)', 19890811, 0, '05', '05999', '370X', 'C/I', '3751', ' ', ' ', ' ', 'FISH CANYON RD', 'AZUSA CA', '91702', 0, 0, 0, 1784, '20100715-50', 'N', '1535', ' ', ' ', ' ', 'EASTFORD AVE', 'DUARTE CA', '91010-2821', 2015, 327494),
('8625003029', '(active)', 0, 0, '06', '06119', '0100', 'SFR', '142', ' ', ' ', ' ', 'WINDERMERE LN', 'GLENDORA CA', '91741-1873', 1, 3, 2, 1357, '20140422-50', 'Y', '142', ' ', ' ', ' ', 'WINDERMERE LN', 'GLENDORA CA', '917411873', 2015, 424311),
('8625015014', '(active)', 0, 0, '06', '06407', '0201', 'R-I', '1154', ' ', 'W', ' ', 'LEADORA AVE', 'GLENDORA CA', '91741-1875', 2, 4, 3, 2603, '20011017-50', 'N', '1152', ' ', 'W', ' ', 'LEADORA AVE', 'GLENDORA CA', '91741-1875', 2015, 614585),
('8636004001', '(active)', 0, 0, '06', '06121', '010V', 'VAC', '0', ' ', ' ', ' ', ' ', ' ', ' ', NULL, NULL, NULL, NULL, '20120112-50', 'N', '3450', ' ', 'E', ' ', 'SIERRA MADRE BLVD', 'PASADENA CA', '91107-1934', 2015, 522),
('8661002036', '(active)', 19880318, 0, '06', '06163', '010V', 'VAC', '0', ' ', ' ', ' ', ' ', ' ', ' ', NULL, NULL, NULL, NULL, '19890302-50', 'N', '9090', ' ', ' ', ' ', 'WILSHIRE BLVD', 'BEVERLY HILLS CA', '90211-1848', 2015, 9),
('8673001003', '(active)', 0, 0, '06', '06165', '010V', 'VAC', '0', ' ', ' ', ' ', ' ', ' ', ' ', NULL, NULL, NULL, NULL, '19820301-50', 'N', '550', ' ', 'N', 'NO 113', 'COLLEGE AVE', 'CLAREMONT CA', '91711-4434', 2015, 18984),
('8675004004', '(active)', 19940302, 0, '06', '06166', '0100', 'SFR', '0', ' ', ' ', ' ', 'COLDWATER CANYON', 'CLAREMONT CA', '91711', 1, 2, 1, 416, '19851119-50', 'N', '0', ' ', ' ', ' ', 'PO BOX 604', 'MOUNT BALDY CA', '91759-0604', 2015, 10333),
('8702010060', '(active)', 19920227, 0, '06', '06160', '0101', 'SFR', '1830', ' ', ' ', ' ', 'DIAMOND KNOLL LN', 'DIAMOND BAR CA', '91765-2600', 1, 6, 8, 7584, '20060720-50', 'Y', '1830', ' ', ' ', ' ', 'DIAMOND KNOLL LN', 'DIAMOND BAR CA', '917652600', 2015, 3120400),
('8704003001', '(active)', 0, 0, '06', '06157', '010V', 'VAC', '0', ' ', ' ', ' ', ' ', ' ', ' ', NULL, NULL, NULL, NULL, '19770513-50', 'N', '2120', ' ', ' ', 'STE 120', 'PARK PL', 'EL SEGUNDO CA', '90245-4741', 2015, 7200),
('8730001014', '(active)', 0, 0, '06', '06148', '0100', 'SFR', '2700', ' ', ' ', ' ', 'GREENLEAF DR', 'WEST COVINA CA', '91792-1928', 1, 3, 2, 1417, '20110214-50', 'N', '5990', ' ', ' ', ' ', 'CARTIER DR', 'RENO NV', '89511-4564', 2015, 133609);

-- --------------------------------------------------------

--
-- Table structure for table `ParcelDataRepository_FileDate`
--

CREATE TABLE IF NOT EXISTS `ParcelDataRepository_FileDate` (
  `EffectiveDate` varchar(10) DEFAULT NULL
) ENGINE=MyISAM DEFAULT CHARSET=latin1;

--
-- Dumping data for table `ParcelDataRepository_FileDate`
--

INSERT INTO `ParcelDataRepository_FileDate` (`EffectiveDate`) VALUES
('09/20/2015');

/*!40101 SET CHARACTER_SET_CLIENT=@OLD_CHARACTER_SET_CLIENT */;
/*!40101 SET CHARACTER_SET_RESULTS=@OLD_CHARACTER_SET_RESULTS */;
/*!40101 SET COLLATION_CONNECTION=@OLD_COLLATION_CONNECTION */;
